{
  "credit": "Made with Blockbench",
  "texture_size": [
    128,
    128
  ],
  "textures": {
    "0": "koneshimaex:item/vehicle/helicopter",
    "particle": "koneshimaex:item/vehicle/helicopter"
  },
  "elements": [
    {
      "from": [
        11,
        22.7,
        1.5
      ],
      "to": [
        12,
        25.7,
        2.5
      ],
      "rotation": {
        "angle": -45,
        "axis": "y",
        "origin": [
          0,
          22.7,
          2
        ]
      },
      "faces": {
        "north": {
          "uv": [
            10.5,
            1.25,
            10.625,
            1.625
          ],
          "texture": "#0"
        },
        "east": {
          "uv": [
            4.5,
            10.5,
            4.625,
            10.875
          ],
          "texture": "#0"
        },
        "south": {
          "uv": [
            10.5,
            6.125,
            10.625,
            6.5
          ],
          "texture": "#0"
        },
        "west": {
          "uv": [
            10.5,
            10,
            10.625,
            10.375
          ],
          "texture": "#0"
        },
        "up": {
          "uv": [
            10.625,
            10.875,
            10.5,
            10.75
          ],
          "texture": "#0"
        },
        "down": {
          "uv": [
            10.875,
            10.5,
            10.75,
            10.625
          ],
          "texture": "#0"
        }
      }
    },
    {
      "from": [
        -14,
        25.3,
        9
      ],
      "to": [
        30,
        25.75,
        11
      ],
      "rotation": {
        "angle": 0,
        "axis": "y",
        "origin": [
          0,
          22.7,
          2
        ]
      },
      "faces": {
        "north": {
          "uv": [
            8.125,
            7,
            13.625,
            7.125
          ],
          "texture": "#0"
        },
        "east": {
          "uv": [
            10.5,
            6.625,
            10.75,
            6.75
          ],
          "texture": "#0"
        },
        "south": {
          "uv": [
            8.125,
            7.125,
            13.625,
            7.25
          ],
          "texture": "#0"
        },
        "west": {
          "uv": [
            10.5,
            10.375,
            10.75,
            10.5
          ],
          "texture": "#0"
        },
        "up": {
          "uv": [
            12.5,
            4.25,
            7,
            4
          ],
          "texture": "#0"
        },
        "down": {
          "uv": [
            12.5,
            4.25,
            7,
            4.5
          ],
          "texture": "#0"
        }
      }
    },
    {
      "from": [
        7,
        25.25,
        -12
      ],
      "to": [
        9,
        25.8,
        32
      ],
      "rotation": {
        "angle": 0,
        "axis": "y",
        "origin": [
          0,
          22.7,
          2
        ]
      },
      "faces": {
        "north": {
          "uv": [
            10.5,
            10.5,
            10.75,
            10.625
          ],
          "texture": "#0"
        },
        "east": {
          "uv": [
            8.125,
            7.25,
            13.625,
            7.375
          ],
          "texture": "#0"
        },
        "south": {
          "uv": [
            10.625,
            1.25,
            10.875,
            1.375
          ],
          "texture": "#0"
        },
        "west": {
          "uv": [
            8.25,
            3.875,
            13.75,
            4
          ],
          "texture": "#0"
        },
        "up": {
          "uv": [
            4.875,
            11.625,
            4.625,
            6.125
          ],
          "texture": "#0"
        },
        "down": {
          "uv": [
            5.125,
            6.125,
            4.875,
            11.625
          ],
          "texture": "#0"
        }
      }
    },
    {
      "from": [
        1,
        3,
        -4
      ],
      "to": [
        15,
        4,
        17
      ],
      "rotation": {
        "angle": 0,
        "axis": "y",
        "origin": [
          0,
          3,
          0
        ]
      },
      "faces": {
        "north": {
          "uv": [
            9.625,
            4.625,
            11.375,
            4.75
          ],
          "texture": "#0"
        },
        "east": {
          "uv": [
            9.5,
            9.125,
            12.125,
            9.25
          ],
          "texture": "#0"
        },
        "south": {
          "uv": [
            9.625,
            4.75,
            11.375,
            4.875
          ],
          "texture": "#0"
        },
        "west": {
          "uv": [
            9.625,
            4.5,
            12.25,
            4.625
          ],
          "texture": "#0"
        },
        "up": {
          "uv": [
            1.75,
            2.625,
            0,
            0
          ],
          "texture": "#0"
        },
        "down": {
          "uv": [
            3.5,
            0,
            1.75,
            2.625
          ],
          "texture": "#0"
        }
      }
    },
    {
      "from": [
        1,
        4,
        10
      ],
      "to": [
        15,
        14,
        17
      ],
      "rotation": {
        "angle": 0,
        "axis": "y",
        "origin": [
          0,
          3,
          0
        ]
      },
      "faces": {
        "north": {
          "uv": [
            3.5,
            0,
            5.25,
            1.25
          ],
          "texture": "#0"
        },
        "east": {
          "uv": [
            2.5,
            6.375,
            3.375,
            7.625
          ],
          "texture": "#0"
        },
        "south": {
          "uv": [
            3.5,
            1.25,
            5.25,
            2.5
          ],
          "texture": "#0"
        },
        "west": {
          "uv": [
            5.125,
            7.125,
            6,
            8.375
          ],
          "texture": "#0"
        },
        "up": {
          "uv": [
            8.125,
            6.5,
            6.375,
            5.625
          ],
          "texture": "#0"
        },
        "down": {
          "uv": [
            8.125,
            6.5,
            6.375,
            7.375
          ],
          "texture": "#0"
        }
      }
    },
    {
      "from": [
        1.01,
        5.125,
        13.5
      ],
      "to": [
        14.99,
        14.875,
        23.6
      ],
      "rotation": {
        "angle": -22.5,
        "axis": "x",
        "origin": [
          0,
          3,
          0
        ]
      },
      "faces": {
        "north": {
          "uv": [
            3.5,
            2.5,
            5.25,
            3.75
          ],
          "texture": "#0"
        },
        "east": {
          "uv": [
            0,
            6.375,
            1.25,
            7.5625
          ],
          "texture": "#0"
        },
        "south": {
          "uv": [
            3.5,
            3.75,
            5.25,
            4.94063
          ],
          "texture": "#0"
        },
        "west": {
          "uv": [
            1.25,
            6.375,
            2.5,
            7.5625
          ],
          "texture": "#0"
        },
        "up": {
          "uv": [
            1.75,
            5.375,
            0,
            4.125
          ],
          "texture": "#0"
        },
        "down": {
          "uv": [
            3.5,
            4.125,
            1.75,
            5.375
          ],
          "texture": "#0"
        }
      }
    },
    {
      "from": [
        1,
        14,
        9.55
      ],
      "to": [
        15,
        23,
        17.25
      ],
      "rotation": {
        "angle": 0,
        "axis": "y",
        "origin": [
          0,
          3,
          0
        ]
      },
      "faces": {
        "north": {
          "uv": [
            3.5,
            5,
            5.25,
            6.125
          ],
          "texture": "#0"
        },
        "east": {
          "uv": [
            7,
            4.70937,
            7.875,
            5.625
          ],
          "texture": "#0"
        },
        "south": {
          "uv": [
            5.25,
            0,
            7,
            1.125
          ],
          "texture": "#0"
        },
        "west": {
          "uv": [
            0,
            7.82812,
            0.875,
            8.75
          ],
          "texture": "#0"
        },
        "up": {
          "uv": [
            8.75,
            0.875,
            7,
            0
          ],
          "texture": "#0"
        },
        "down": {
          "uv": [
            8.75,
            0.875,
            7,
            1.75
          ],
          "texture": "#0"
        }
      }
    },
    {
      "from": [
        1.005,
        19,
        1.7
      ],
      "to": [
        14.995,
        22.99,
        10.25
      ],
      "rotation": {
        "angle": 0,
        "axis": "y",
        "origin": [
          0,
          3,
          0
        ]
      },
      "faces": {
        "north": {
          "uv": [
            7.875,
            4.5,
            9.625,
            5
          ],
          "texture": "#0"
        },
        "east": {
          "uv": [
            5.125,
            9.125,
            6.25,
            9.625
          ],
          "texture": "#0"
        },
        "south": {
          "uv": [
            7.875,
            5,
            9.625,
            5.5
          ],
          "texture": "#0"
        },
        "west": {
          "uv": [
            6.25,
            9.125,
            7.375,
            9.625
          ],
          "texture": "#0"
        },
        "up": {
          "uv": [
            7,
            2.25,
            5.25,
            1.125
          ],
          "texture": "#0"
        },
        "down": {
          "uv": [
            7,
            2.25,
            5.25,
            3.375
          ],
          "texture": "#0"
        }
      }
    },
    {
      "from": [
        1,
        4,
        -0.725
      ],
      "to": [
        2,
        8,
        10
      ],
      "rotation": {
        "angle": 0,
        "axis": "y",
        "origin": [
          0,
          3,
          0
        ]
      },
      "faces": {
        "north": {
          "uv": [
            1.625,
            10.125,
            1.75,
            10.625
          ],
          "texture": "#0"
        },
        "east": {
          "uv": [
            8.125,
            5.5,
            9.875,
            6
          ],
          "texture": "#0"
        },
        "south": {
          "uv": [
            1.75,
            10.125,
            1.875,
            10.625
          ],
          "texture": "#0"
        },
        "west": {
          "uv": [
            8.125,
            6,
            9.875,
            6.5
          ],
          "texture": "#0"
        },
        "up": {
          "uv": [
            2.625,
            10.5,
            2.5,
            8.75
          ],
          "texture": "#0"
        },
        "down": {
          "uv": [
            4.625,
            8.75,
            4.5,
            10.5
          ],
          "texture": "#0"
        }
      }
    },
    {
      "from": [
        1.01,
        3.3,
        -9.025
      ],
      "to": [
        1.99,
        13.3,
        -8.025
      ],
      "rotation": {
        "angle": 22.5,
        "axis": "x",
        "origin": [
          0,
          3,
          3
        ]
      },
      "faces": {
        "north": {
          "uv": [
            3.375,
            6.73437,
            3.5,
            7.625
          ],
          "texture": "#0"
        },
        "east": {
          "uv": [
            0.5,
            9.875,
            0.625,
            11.125
          ],
          "texture": "#0"
        },
        "south": {
          "uv": [
            0.625,
            9.875,
            0.75,
            11.125
          ],
          "texture": "#0"
        },
        "west": {
          "uv": [
            0.75,
            9.95,
            0.875,
            11.02813
          ],
          "texture": "#0"
        },
        "up": {
          "uv": [
            10.75,
            7.625,
            10.625,
            7.5
          ],
          "texture": "#0"
        },
        "down": {
          "uv": [
            10.75,
            7.625,
            10.625,
            7.75
          ],
          "texture": "#0"
        }
      }
    },
    {
      "from": [
        1.02,
        10.025,
        -12.93
      ],
      "to": [
        14.98,
        18.35,
        -11.93
      ],
      "rotation": {
        "angle": 45,
        "axis": "x",
        "origin": [
          0,
          3,
          0
        ]
      },
      "faces": {
        "north": {
          "uv": [
            0,
            5.375,
            1.75,
            6.375
          ],
          "texture": "#0"
        },
        "east": {
          "uv": [
            9,
            10.03438,
            9.125,
            10.8375
          ],
          "texture": "#0"
        },
        "south": {
          "uv": [
            1.75,
            5.375,
            3.5,
            6.375
          ],
          "texture": "#0"
        },
        "west": {
          "uv": [
            9,
            10.03438,
            9.125,
            10.8375
          ],
          "texture": "#0"
        },
        "up": {
          "uv": [
            11.375,
            5,
            9.625,
            4.875
          ],
          "texture": "#0"
        },
        "down": {
          "uv": [
            11.375,
            5,
            9.625,
            5.125
          ],
          "texture": "#0"
        }
      }
    },
    {
      "from": [
        1,
        5.985,
        -8
      ],
      "to": [
        15,
        7.885,
        -7
      ],
      "rotation": {
        "angle": 0,
        "axis": "x",
        "origin": [
          0,
          3,
          3
        ]
      },
      "faces": {
        "north": {
          "uv": [
            7.375,
            9.25,
            9.125,
            9.5
          ],
          "texture": "#0"
        },
        "east": {
          "uv": [
            10.25,
            10.5,
            10.375,
            10.75
          ],
          "texture": "#0"
        },
        "south": {
          "uv": [
            9.125,
            9.25,
            10.875,
            9.5
          ],
          "texture": "#0"
        },
        "west": {
          "uv": [
            10.375,
            10.5,
            10.5,
            10.75
          ],
          "texture": "#0"
        },
        "up": {
          "uv": [
            11.625,
            0.125,
            9.875,
            0
          ],
          "texture": "#0"
        },
        "down": {
          "uv": [
            11.625,
            0.125,
            9.875,
            0.25
          ],
          "texture": "#0"
        }
      }
    },
    {
      "from": [
        1.02,
        -2.66,
        -6.885
      ],
      "to": [
        1.98,
        -1.66,
        -2.66
      ],
      "rotation": {
        "angle": 45,
        "axis": "x",
        "origin": [
          0,
          3,
          3
        ]
      },
      "faces": {
        "north": {
          "uv": [
            10.625,
            8,
            10.75,
            8.125
          ],
          "texture": "#0"
        },
        "east": {
          "uv": [
            10,
            6.625,
            10.5,
            6.75
          ],
          "texture": "#0"
        },
        "south": {
          "uv": [
            10.625,
            9.75,
            10.75,
            9.875
          ],
          "texture": "#0"
        },
        "west": {
          "uv": [
            1.875,
            10.125,
            2.375,
            10.25
          ],
          "texture": "#0"
        },
        "up": {
          "uv": [
            2,
            10.75,
            1.875,
            10.25
          ],
          "texture": "#0"
        },
        "down": {
          "uv": [
            2.125,
            10.25,
            2,
            10.75
          ],
          "texture": "#0"
        }
      }
    },
    {
      "from": [
        14,
        4,
        -0.7
      ],
      "to": [
        15,
        8,
        10.025
      ],
      "rotation": {
        "angle": 0,
        "axis": "y",
        "origin": [
          16,
          3,
          0
        ]
      },
      "faces": {
        "north": {
          "uv": [
            2.125,
            10.25,
            2.25,
            10.75
          ],
          "texture": "#0"
        },
        "east": {
          "uv": [
            8.125,
            6.5,
            9.875,
            7
          ],
          "texture": "#0"
        },
        "south": {
          "uv": [
            2.25,
            10.25,
            2.375,
            10.75
          ],
          "texture": "#0"
        },
        "west": {
          "uv": [
            7.75,
            8.125,
            9.5,
            8.625
          ],
          "texture": "#0"
        },
        "up": {
          "uv": [
            5.25,
            11.375,
            5.125,
            9.625
          ],
          "texture": "#0"
        },
        "down": {
          "uv": [
            5.375,
            9.625,
            5.25,
            11.375
          ],
          "texture": "#0"
        }
      }
    },
    {
      "from": [
        0.5,
        -2.4,
        -3.7
      ],
      "to": [
        2.5,
        -1,
        19.7
      ],
      "rotation": {
        "angle": 0,
        "axis": "y",
        "origin": [
          0,
          3,
          0
        ]
      },
      "faces": {
        "north": {
          "uv": [
            7.875,
            5.5,
            8.125,
            5.625
          ],
          "texture": "#0"
        },
        "east": {
          "uv": [
            9,
            2.75,
            11.875,
            2.875
          ],
          "texture": "#0"
        },
        "south": {
          "uv": [
            8.75,
            1.625,
            9,
            1.75
          ],
          "texture": "#0"
        },
        "west": {
          "uv": [
            9.5,
            8.875,
            12.375,
            9
          ],
          "texture": "#0"
        },
        "up": {
          "uv": [
            2.875,
            11.25,
            2.625,
            8.375
          ],
          "texture": "#0"
        },
        "down": {
          "uv": [
            3.125,
            8.375,
            2.875,
            11.25
          ],
          "texture": "#0"
        }
      }
    },
    {
      "from": [
        1.01,
        -0.3,
        -3.7
      ],
      "to": [
        1.99,
        0.7,
        4.2
      ],
      "rotation": {
        "angle": -45,
        "axis": "x",
        "origin": [
          0,
          3,
          0
        ]
      },
      "faces": {
        "north": {
          "uv": [
            10.625,
            9.875,
            10.75,
            10
          ],
          "texture": "#0"
        },
        "east": {
          "uv": [
            7.375,
            9.125,
            8.375,
            9.25
          ],
          "texture": "#0"
        },
        "south": {
          "uv": [
            10.625,
            10,
            10.75,
            10.125
          ],
          "texture": "#0"
        },
        "west": {
          "uv": [
            9.125,
            9.875,
            10.125,
            10
          ],
          "texture": "#0"
        },
        "up": {
          "uv": [
            1.25,
            11,
            1.125,
            10
          ],
          "texture": "#0"
        },
        "down": {
          "uv": [
            1.375,
            10,
            1.25,
            11
          ],
          "texture": "#0"
        }
      }
    },
    {
      "from": [
        1.01,
        -0.3,
        11.8
      ],
      "to": [
        1.99,
        0.7,
        19.7
      ],
      "rotation": {
        "angle": 45,
        "axis": "x",
        "origin": [
          0,
          3,
          16
        ]
      },
      "faces": {
        "north": {
          "uv": [
            10.625,
            10.125,
            10.75,
            10.25
          ],
          "texture": "#0"
        },
        "east": {
          "uv": [
            1.375,
            10,
            2.375,
            10.125
          ],
          "texture": "#0"
        },
        "south": {
          "uv": [
            10.625,
            10.25,
            10.75,
            10.375
          ],
          "texture": "#0"
        },
        "west": {
          "uv": [
            10,
            5.5,
            11,
            5.625
          ],
          "texture": "#0"
        },
        "up": {
          "uv": [
            2.5,
            11,
            2.375,
            10
          ],
          "texture": "#0"
        },
        "down": {
          "uv": [
            3.75,
            10,
            3.625,
            11
          ],
          "texture": "#0"
        }
      }
    },
    {
      "from": [
        14.01,
        -0.3,
        -3.7
      ],
      "to": [
        14.99,
        0.7,
        4.2
      ],
      "rotation": {
        "angle": -45,
        "axis": "x",
        "origin": [
          16,
          3,
          0
        ]
      },
      "faces": {
        "north": {
          "uv": [
            10.5,
            10.625,
            10.625,
            10.75
          ],
          "texture": "#0"
        },
        "east": {
          "uv": [
            10,
            5.625,
            11,
            5.75
          ],
          "texture": "#0"
        },
        "south": {
          "uv": [
            10.625,
            10.625,
            10.75,
            10.75
          ],
          "texture": "#0"
        },
        "west": {
          "uv": [
            10,
            5.75,
            11,
            5.875
          ],
          "texture": "#0"
        },
        "up": {
          "uv": [
            3.875,
            11,
            3.75,
            10
          ],
          "texture": "#0"
        },
        "down": {
          "uv": [
            4,
            10,
            3.875,
            11
          ],
          "texture": "#0"
        }
      }
    },
    {
      "from": [
        14.01,
        -0.3,
        11.8
      ],
      "to": [
        14.99,
        0.7,
        19.7
      ],
      "rotation": {
        "angle": 45,
        "axis": "x",
        "origin": [
          16,
          3,
          16
        ]
      },
      "faces": {
        "north": {
          "uv": [
            1.375,
            10.75,
            1.5,
            10.875
          ],
          "texture": "#0"
        },
        "east": {
          "uv": [
            10,
            5.875,
            11,
            6
          ],
          "texture": "#0"
        },
        "south": {
          "uv": [
            10.75,
            1.375,
            10.875,
            1.5
          ],
          "texture": "#0"
        },
        "west": {
          "uv": [
            10,
            6,
            11,
            6.125
          ],
          "texture": "#0"
        },
        "up": {
          "uv": [
            4.125,
            11,
            4,
            10
          ],
          "texture": "#0"
        },
        "down": {
          "uv": [
            4.25,
            10,
            4.125,
            11
          ],
          "texture": "#0"
        }
      }
    },
    {
      "from": [
        13.5,
        -2.4,
        -3.7
      ],
      "to": [
        15.5,
        -1,
        19.7
      ],
      "rotation": {
        "angle": 0,
        "axis": "y",
        "origin": [
          16,
          3,
          0
        ]
      },
      "faces": {
        "north": {
          "uv": [
            7.125,
            9.625,
            7.375,
            9.75
          ],
          "texture": "#0"
        },
        "east": {
          "uv": [
            9,
            9.5,
            11.875,
            9.625
          ],
          "texture": "#0"
        },
        "south": {
          "uv": [
            10.5,
            6.5,
            10.75,
            6.625
          ],
          "texture": "#0"
        },
        "west": {
          "uv": [
            9.5,
            9,
            12.375,
            9.125
          ],
          "texture": "#0"
        },
        "up": {
          "uv": [
            3.375,
            11.25,
            3.125,
            8.375
          ],
          "texture": "#0"
        },
        "down": {
          "uv": [
            3.625,
            8.375,
            3.375,
            11.25
          ],
          "texture": "#0"
        }
      }
    },
    {
      "from": [
        1.1,
        1.4,
        2.4
      ],
      "to": [
        14.9,
        2,
        3
      ],
      "rotation": {
        "angle": 0,
        "axis": "y",
        "origin": [
          16,
          3,
          0
        ]
      },
      "faces": {
        "north": {
          "uv": [
            9.625,
            5.125,
            11.375,
            5.25
          ],
          "texture": "#0"
        },
        "east": {
          "uv": [
            1.5,
            10.75,
            1.625,
            10.875
          ],
          "texture": "#0"
        },
        "south": {
          "uv": [
            9.625,
            5.25,
            11.375,
            5.375
          ],
          "texture": "#0"
        },
        "west": {
          "uv": [
            10.75,
            1.5,
            10.875,
            1.625
          ],
          "texture": "#0"
        },
        "up": {
          "uv": [
            7.125,
            9.75,
            5.375,
            9.625
          ],
          "texture": "#0"
        },
        "down": {
          "uv": [
            11.375,
            5.375,
            9.625,
            5.5
          ],
          "texture": "#0"
        }
      }
    },
    {
      "from": [
        1.1,
        1.4,
        13.025
      ],
      "to": [
        14.9,
        2,
        13.625
      ],
      "rotation": {
        "angle": 0,
        "axis": "y",
        "origin": [
          16,
          3,
          0
        ]
      },
      "faces": {
        "north": {
          "uv": [
            9,
            9.625,
            10.75,
            9.75
          ],
          "texture": "#0"
        },
        "east": {
          "uv": [
            10.75,
            1.625,
            10.875,
            1.75
          ],
          "texture": "#0"
        },
        "south": {
          "uv": [
            5.375,
            9.75,
            7.125,
            9.875
          ],
          "texture": "#0"
        },
        "west": {
          "uv": [
            10.75,
            1.75,
            10.875,
            1.875
          ],
          "texture": "#0"
        },
        "up": {
          "uv": [
            8.875,
            9.875,
            7.125,
            9.75
          ],
          "texture": "#0"
        },
        "down": {
          "uv": [
            10.625,
            9.75,
            8.875,
            9.875
          ],
          "texture": "#0"
        }
      }
    },
    {
      "from": [
        1,
        3,
        -5
      ],
      "to": [
        2,
        4,
        -4
      ],
      "rotation": {
        "angle": 0,
        "axis": "y",
        "origin": [
          0,
          3,
          3
        ]
      },
      "faces": {
        "north": {
          "uv": [
            1.875,
            10.75,
            2,
            10.875
          ],
          "texture": "#0"
        },
        "east": {
          "uv": [
            10.75,
            1.875,
            10.875,
            2
          ],
          "texture": "#0"
        },
        "south": {
          "uv": [
            2,
            10.75,
            2.125,
            10.875
          ],
          "texture": "#0"
        },
        "west": {
          "uv": [
            10.75,
            2,
            10.875,
            2.125
          ],
          "texture": "#0"
        },
        "up": {
          "uv": [
            2.25,
            10.875,
            2.125,
            10.75
          ],
          "texture": "#0"
        },
        "down": {
          "uv": [
            10.875,
            2.125,
            10.75,
            2.25
          ],
          "texture": "#0"
        }
      }
    },
    {
      "from": [
        1,
        19,
        0.35
      ],
      "to": [
        15,
        21.6,
        1.7
      ],
      "rotation": {
        "angle": 0,
        "axis": "y",
        "origin": [
          0,
          3,
          0
        ]
      },
      "faces": {
        "north": {
          "uv": [
            8.75,
            1.25,
            10.5,
            1.625
          ],
          "texture": "#0"
        },
        "east": {
          "uv": [
            3.625,
            8.375,
            3.75,
            8.75
          ],
          "texture": "#0"
        },
        "south": {
          "uv": [
            9,
            1.625,
            10.75,
            2
          ],
          "texture": "#0"
        },
        "west": {
          "uv": [
            3.75,
            8.375,
            3.875,
            8.75
          ],
          "texture": "#0"
        },
        "up": {
          "uv": [
            11.625,
            0.375,
            9.875,
            0.25
          ],
          "texture": "#0"
        },
        "down": {
          "uv": [
            11.625,
            0.375,
            9.875,
            0.5
          ],
          "texture": "#0"
        }
      }
    },
    {
      "from": [
        1,
        19,
        -0.95
      ],
      "to": [
        15,
        20.3,
        0.35
      ],
      "rotation": {
        "angle": 0,
        "axis": "y",
        "origin": [
          0,
          3,
          0
        ]
      },
      "faces": {
        "north": {
          "uv": [
            9.875,
            0.5,
            11.625,
            0.625
          ],
          "texture": "#0"
        },
        "east": {
          "uv": [
            2.25,
            10.75,
            2.375,
            10.875
          ],
          "texture": "#0"
        },
        "south": {
          "uv": [
            9.875,
            0.625,
            11.625,
            0.75
          ],
          "texture": "#0"
        },
        "west": {
          "uv": [
            10.75,
            3.125,
            10.875,
            3.25
          ],
          "texture": "#0"
        },
        "up": {
          "uv": [
            11.625,
            0.875,
            9.875,
            0.75
          ],
          "texture": "#0"
        },
        "down": {
          "uv": [
            11.625,
            0.875,
            9.875,
            1
          ],
          "texture": "#0"
        }
      }
    },
    {
      "from": [
        14.02,
        -2.66,
        -6.885
      ],
      "to": [
        14.98,
        -1.66,
        -2.66
      ],
      "rotation": {
        "angle": 45,
        "axis": "x",
        "origin": [
          16,
          3,
          3
        ]
      },
      "faces": {
        "north": {
          "uv": [
            10.75,
            3.25,
            10.875,
            3.375
          ],
          "texture": "#0"
        },
        "east": {
          "uv": [
            10.125,
            9.875,
            10.625,
            10
          ],
          "texture": "#0"
        },
        "south": {
          "uv": [
            10.75,
            3.375,
            10.875,
            3.5
          ],
          "texture": "#0"
        },
        "west": {
          "uv": [
            9.125,
            10.25,
            9.625,
            10.375
          ],
          "texture": "#0"
        },
        "up": {
          "uv": [
            9.75,
            10.75,
            9.625,
            10.25
          ],
          "texture": "#0"
        },
        "down": {
          "uv": [
            9.875,
            10.25,
            9.75,
            10.75
          ],
          "texture": "#0"
        }
      }
    },
    {
      "from": [
        14.01,
        3.3,
        -9.025
      ],
      "to": [
        14.99,
        13.3,
        -8.025
      ],
      "rotation": {
        "angle": 22.5,
        "axis": "x",
        "origin": [
          16,
          3,
          3
        ]
      },
      "faces": {
        "north": {
          "uv": [
            9.875,
            5.8625,
            10,
            6.75
          ],
          "texture": "#0"
        },
        "east": {
          "uv": [
            5.625,
            9.9375,
            5.75,
            11.02812
          ],
          "texture": "#0"
        },
        "south": {
          "uv": [
            5.75,
            9.875,
            5.875,
            11.125
          ],
          "texture": "#0"
        },
        "west": {
          "uv": [
            5.875,
            9.875,
            6,
            11.125
          ],
          "texture": "#0"
        },
        "up": {
          "uv": [
            10.875,
            6.75,
            10.75,
            6.625
          ],
          "texture": "#0"
        },
        "down": {
          "uv": [
            10.875,
            7.5,
            10.75,
            7.625
          ],
          "texture": "#0"
        }
      }
    },
    {
      "from": [
        1.02,
        3.5,
        -0.875
      ],
      "to": [
        1.98,
        7.9,
        13.4
      ],
      "rotation": {
        "angle": -22.5,
        "axis": "x",
        "origin": [
          0,
          3,
          0
        ]
      },
      "faces": {
        "north": {
          "uv": [
            9.875,
            10.25,
            10,
            10.75
          ],
          "texture": "#0"
        },
        "east": {
          "uv": [
            8.25,
            2.875,
            9.875,
            3.375
          ],
          "texture": "#0"
        },
        "south": {
          "uv": [
            10,
            10.25,
            10.125,
            10.75
          ],
          "texture": "#0"
        },
        "west": {
          "uv": [
            8.25,
            3.375,
            9.875,
            3.875
          ],
          "texture": "#0"
        },
        "up": {
          "uv": [
            0.125,
            11.5,
            0,
            9.875
          ],
          "texture": "#0"
        },
        "down": {
          "uv": [
            0.25,
            9.875,
            0.125,
            11.5
          ],
          "texture": "#0"
        }
      }
    },
    {
      "from": [
        1.02,
        17.03,
        -1.15
      ],
      "to": [
        1.98,
        19.03,
        8.75
      ],
      "rotation": {
        "angle": 0,
        "axis": "x",
        "origin": [
          0,
          3,
          0
        ]
      },
      "faces": {
        "north": {
          "uv": [
            10.75,
            7.875,
            10.875,
            8
          ],
          "texture": "#0"
        },
        "east": {
          "uv": [
            9.875,
            3.625,
            11,
            3.75
          ],
          "texture": "#0"
        },
        "south": {
          "uv": [
            10.75,
            8,
            10.875,
            8.125
          ],
          "texture": "#0"
        },
        "west": {
          "uv": [
            9.875,
            3.75,
            11,
            3.875
          ],
          "texture": "#0"
        },
        "up": {
          "uv": [
            7.625,
            11,
            7.5,
            9.875
          ],
          "texture": "#0"
        },
        "down": {
          "uv": [
            7.75,
            9.875,
            7.625,
            11
          ],
          "texture": "#0"
        }
      }
    },
    {
      "from": [
        1.01,
        5.125,
        13
      ],
      "to": [
        1.99,
        15.275,
        13.5
      ],
      "rotation": {
        "angle": -22.5,
        "axis": "x",
        "origin": [
          0,
          3,
          0
        ]
      },
      "faces": {
        "north": {
          "uv": [
            6,
            9.875,
            6.125,
            11.125
          ],
          "texture": "#0"
        },
        "east": {
          "uv": [
            6.125,
            9.875,
            6.25,
            11.125
          ],
          "texture": "#0"
        },
        "south": {
          "uv": [
            6.25,
            9.875,
            6.375,
            11.125
          ],
          "texture": "#0"
        },
        "west": {
          "uv": [
            6.375,
            9.975,
            6.5,
            11.125
          ],
          "texture": "#0"
        },
        "up": {
          "uv": [
            9.75,
            10.875,
            9.625,
            10.75
          ],
          "texture": "#0"
        },
        "down": {
          "uv": [
            10.875,
            9.625,
            10.75,
            9.75
          ],
          "texture": "#0"
        }
      }
    },
    {
      "from": [
        14.01,
        5.125,
        13
      ],
      "to": [
        14.98,
        15.275,
        13.5
      ],
      "rotation": {
        "angle": -22.5,
        "axis": "x",
        "origin": [
          16,
          3,
          0
        ]
      },
      "faces": {
        "north": {
          "uv": [
            6.5,
            9.875,
            6.625,
            11.125
          ],
          "texture": "#0"
        },
        "east": {
          "uv": [
            6.625,
            9.97188,
            6.75,
            11.125
          ],
          "texture": "#0"
        },
        "south": {
          "uv": [
            6.75,
            9.875,
            6.875,
            11.125
          ],
          "texture": "#0"
        },
        "west": {
          "uv": [
            6.875,
            9.875,
            7,
            11.125
          ],
          "texture": "#0"
        },
        "up": {
          "uv": [
            10.125,
            10.875,
            10,
            10.75
          ],
          "texture": "#0"
        },
        "down": {
          "uv": [
            10.875,
            10,
            10.75,
            10.125
          ],
          "texture": "#0"
        }
      }
    },
    {
      "from": [
        14.015,
        3.5,
        -0.875
      ],
      "to": [
        14.985,
        7.9,
        13.4
      ],
      "rotation": {
        "angle": -22.5,
        "axis": "x",
        "origin": [
          16,
          3,
          0
        ]
      },
      "faces": {
        "north": {
          "uv": [
            10.25,
            10,
            10.375,
            10.5
          ],
          "texture": "#0"
        },
        "east": {
          "uv": [
            5.125,
            8.625,
            6.75,
            9.125
          ],
          "texture": "#0"
        },
        "south": {
          "uv": [
            10.125,
            10.25,
            10.25,
            10.75
          ],
          "texture": "#0"
        },
        "west": {
          "uv": [
            6.75,
            8.625,
            8.375,
            9.125
          ],
          "texture": "#0"
        },
        "up": {
          "uv": [
            0.375,
            11.5,
            0.25,
            9.875
          ],
          "texture": "#0"
        },
        "down": {
          "uv": [
            0.5,
            9.875,
            0.375,
            11.5
          ],
          "texture": "#0"
        }
      }
    },
    {
      "from": [
        14,
        3,
        -5
      ],
      "to": [
        15,
        4,
        -4
      ],
      "rotation": {
        "angle": 0,
        "axis": "y",
        "origin": [
          16,
          3,
          3
        ]
      },
      "faces": {
        "north": {
          "uv": [
            10.125,
            10.75,
            10.25,
            10.875
          ],
          "texture": "#0"
        },
        "east": {
          "uv": [
            10.75,
            10.125,
            10.875,
            10.25
          ],
          "texture": "#0"
        },
        "south": {
          "uv": [
            10.25,
            10.75,
            10.375,
            10.875
          ],
          "texture": "#0"
        },
        "west": {
          "uv": [
            10.75,
            10.25,
            10.875,
            10.375
          ],
          "texture": "#0"
        },
        "up": {
          "uv": [
            10.5,
            10.875,
            10.375,
            10.75
          ],
          "texture": "#0"
        },
        "down": {
          "uv": [
            10.875,
            10.375,
            10.75,
            10.5
          ],
          "texture": "#0"
        }
      }
    },
    {
      "from": [
        1.025,
        11,
        14.95
      ],
      "to": [
        14.975,
        22.875,
        23.6
      ],
      "rotation": {
        "angle": 22.5,
        "axis": "x",
        "origin": [
          0,
          25,
          0
        ]
      },
      "faces": {
        "north": {
          "uv": [
            0,
            2.625,
            1.75,
            4.125
          ],
          "texture": "#0"
        },
        "east": {
          "uv": [
            3.5,
            6.125,
            4.625,
            7.4375
          ],
          "texture": "#0"
        },
        "south": {
          "uv": [
            1.75,
            2.64375,
            3.5,
            3.9125
          ],
          "texture": "#0"
        },
        "west": {
          "uv": [
            3.5,
            6.125,
            4.625,
            7.4375
          ],
          "texture": "#0"
        },
        "up": {
          "uv": [
            7,
            4.5,
            5.25,
            3.375
          ],
          "texture": "#0"
        },
        "down": {
          "uv": [
            7,
            4.5,
            5.25,
            5.625
          ],
          "texture": "#0"
        }
      }
    },
    {
      "from": [
        2.76125,
        11.25,
        17.0125
      ],
      "to": [
        13.23875,
        20.15625,
        23.5
      ],
      "rotation": {
        "angle": 22.5,
        "axis": "x",
        "origin": [
          2,
          18.75,
          2
        ]
      },
      "faces": {
        "north": {
          "uv": [
            7,
            1.75,
            8.25,
            2.875
          ],
          "texture": "#0"
        },
        "east": {
          "uv": [
            3.875,
            7.625,
            4.625,
            8.75
          ],
          "texture": "#0"
        },
        "south": {
          "uv": [
            7,
            2.875,
            8.25,
            4
          ],
          "texture": "#0"
        },
        "west": {
          "uv": [
            8.25,
            1.75,
            9,
            2.875
          ],
          "texture": "#0"
        },
        "up": {
          "uv": [
            3.875,
            8.375,
            2.625,
            7.625
          ],
          "texture": "#0"
        },
        "down": {
          "uv": [
            9,
            7.375,
            7.75,
            8.125
          ],
          "texture": "#0"
        }
      }
    },
    {
      "from": [
        1.7,
        9,
        1.45
      ],
      "to": [
        14.3,
        11.35,
        4.65
      ],
      "rotation": {
        "angle": 45,
        "axis": "x",
        "origin": [
          0,
          0,
          0
        ]
      },
      "faces": {
        "north": {
          "uv": [
            7.375,
            9.5,
            9,
            9.75
          ],
          "texture": "#0"
        },
        "east": {
          "uv": [
            6,
            7.125,
            6.375,
            7.375
          ],
          "texture": "#0"
        },
        "south": {
          "uv": [
            9.5,
            8.125,
            11.125,
            8.375
          ],
          "texture": "#0"
        },
        "west": {
          "uv": [
            10,
            6.125,
            10.375,
            6.375
          ],
          "texture": "#0"
        },
        "up": {
          "uv": [
            10.625,
            2.375,
            9,
            2
          ],
          "texture": "#0"
        },
        "down": {
          "uv": [
            10.625,
            2.375,
            9,
            2.75
          ],
          "texture": "#0"
        }
      }
    },
    {
      "from": [
        4.3,
        3.1,
        7.15
      ],
      "to": [
        11.7,
        12.85,
        11.55
      ],
      "faces": {
        "north": {
          "uv": [
            6,
            7.375,
            6.875,
            8.625
          ],
          "texture": "#0"
        },
        "east": {
          "uv": [
            1.125,
            8.75,
            1.625,
            10
          ],
          "texture": "#0"
        },
        "south": {
          "uv": [
            6.875,
            7.375,
            7.75,
            8.625
          ],
          "texture": "#0"
        },
        "west": {
          "uv": [
            1.625,
            8.75,
            2.125,
            10
          ],
          "texture": "#0"
        },
        "up": {
          "uv": [
            4.5,
            9.25,
            3.625,
            8.75
          ],
          "texture": "#0"
        },
        "down": {
          "uv": [
            4.5,
            9.25,
            3.625,
            9.75
          ],
          "texture": "#0"
        }
      }
    },
    {
      "from": [
        4.3,
        3.1,
        -1.45
      ],
      "to": [
        11.7,
        4.95,
        7.75
      ],
      "faces": {
        "north": {
          "uv": [
            5.125,
            8.375,
            6,
            8.625
          ],
          "texture": "#0"
        },
        "east": {
          "uv": [
            0,
            9.375,
            1.125,
            9.625
          ],
          "texture": "#0"
        },
        "south": {
          "uv": [
            3.625,
            9.75,
            4.5,
            10
          ],
          "texture": "#0"
        },
        "west": {
          "uv": [
            0,
            9.625,
            1.125,
            9.875
          ],
          "texture": "#0"
        },
        "up": {
          "uv": [
            1.75,
            8.75,
            0.875,
            7.625
          ],
          "texture": "#0"
        },
        "down": {
          "uv": [
            2.625,
            7.625,
            1.75,
            8.75
          ],
          "texture": "#0"
        }
      }
    },
    {
      "from": [
        12.5,
        3.1,
        0
      ],
      "to": [
        13,
        7,
        0.5
      ],
      "faces": {
        "north": {
          "uv": [
            10.375,
            6.125,
            10.5,
            6.625
          ],
          "texture": "#0"
        },
        "east": {
          "uv": [
            9.125,
            10.375,
            9.25,
            10.875
          ],
          "texture": "#0"
        },
        "south": {
          "uv": [
            9.25,
            10.375,
            9.375,
            10.875
          ],
          "texture": "#0"
        },
        "west": {
          "uv": [
            9.375,
            10.375,
            9.5,
            10.875
          ],
          "texture": "#0"
        },
        "up": {
          "uv": [
            10.75,
            10.875,
            10.625,
            10.75
          ],
          "texture": "#0"
        },
        "down": {
          "uv": [
            10.875,
            10.625,
            10.75,
            10.75
          ],
          "texture": "#0"
        }
      }
    },
    {
      "from": [
        12.51,
        6.275,
        2.64
      ],
      "to": [
        12.99,
        8.275,
        3.14
      ],
      "rotation": {
        "angle": -22.5,
        "axis": "x",
        "origin": [
          0,
          0,
          0
        ]
      },
      "faces": {
        "north": {
          "uv": [
            10.625,
            1.375,
            10.75,
            1.625
          ],
          "texture": "#0"
        },
        "east": {
          "uv": [
            1.625,
            10.625,
            1.75,
            10.875
          ],
          "texture": "#0"
        },
        "south": {
          "uv": [
            1.75,
            10.625,
            1.875,
            10.875
          ],
          "texture": "#0"
        },
        "west": {
          "uv": [
            10.625,
            2,
            10.75,
            2.25
          ],
          "texture": "#0"
        },
        "up": {
          "uv": [
            10.875,
            10.875,
            10.75,
            10.75
          ],
          "texture": "#0"
        },
        "down": {
          "uv": [
            11,
            1.25,
            10.875,
            1.375
          ],
          "texture": "#0"
        }
      }
    },
    {
      "from": [
        11.125,
        7.76,
        2.665
      ],
      "to": [
        12.925,
        8.24,
        3.115
      ],
      "rotation": {
        "angle": -22.5,
        "axis": "x",
        "origin": [
          0,
          0,
          0
        ]
      },
      "faces": {
        "north": {
          "uv": [
            10.625,
            2.25,
            10.875,
            2.375
          ],
          "texture": "#0"
        },
        "east": {
          "uv": [
            1.375,
            10.875,
            1.5,
            11
          ],
          "texture": "#0"
        },
        "south": {
          "uv": [
            10.625,
            2.375,
            10.875,
            2.5
          ],
          "texture": "#0"
        },
        "west": {
          "uv": [
            10.875,
            1.375,
            11,
            1.5
          ],
          "texture": "#0"
        },
        "up": {
          "uv": [
            10.875,
            2.625,
            10.625,
            2.5
          ],
          "texture": "#0"
        },
        "down": {
          "uv": [
            10.875,
            2.625,
            10.625,
            2.75
          ],
          "texture": "#0"
        }
      }
    },
    {
      "from": [
        3,
        3.1,
        0
      ],
      "to": [
        3.5,
        7,
        0.5
      ],
      "rotation": {
        "angle": 0,
        "axis": "y",
        "origin": [
          16,
          0,
          0
        ]
      },
      "faces": {
        "north": {
          "uv": [
            9.5,
            10.375,
            9.625,
            10.875
          ],
          "texture": "#0"
        },
        "east": {
          "uv": [
            10.375,
            10,
            10.5,
            10.5
          ],
          "texture": "#0"
        },
        "south": {
          "uv": [
            2.5,
            10.5,
            2.625,
            11
          ],
          "texture": "#0"
        },
        "west": {
          "uv": [
            10.5,
            3.125,
            10.625,
            3.625
          ],
          "texture": "#0"
        },
        "up": {
          "uv": [
            1.625,
            11,
            1.5,
            10.875
          ],
          "texture": "#0"
        },
        "down": {
          "uv": [
            11,
            1.5,
            10.875,
            1.625
          ],
          "texture": "#0"
        }
      }
    },
    {
      "from": [
        3.01,
        6.275,
        2.64
      ],
      "to": [
        3.49,
        8.275,
        3.14
      ],
      "rotation": {
        "angle": -22.5,
        "axis": "x",
        "origin": [
          16,
          0,
          0
        ]
      },
      "faces": {
        "north": {
          "uv": [
            10.625,
            3.125,
            10.75,
            3.375
          ],
          "texture": "#0"
        },
        "east": {
          "uv": [
            10.625,
            3.375,
            10.75,
            3.625
          ],
          "texture": "#0"
        },
        "south": {
          "uv": [
            4.25,
            10.625,
            4.375,
            10.875
          ],
          "texture": "#0"
        },
        "west": {
          "uv": [
            4.375,
            10.625,
            4.5,
            10.875
          ],
          "texture": "#0"
        },
        "up": {
          "uv": [
            1.75,
            11,
            1.625,
            10.875
          ],
          "texture": "#0"
        },
        "down": {
          "uv": [
            11,
            1.625,
            10.875,
            1.75
          ],
          "texture": "#0"
        }
      }
    },
    {
      "from": [
        3.075,
        7.76,
        2.665
      ],
      "to": [
        4.875,
        8.24,
        3.115
      ],
      "rotation": {
        "angle": -22.5,
        "axis": "x",
        "origin": [
          16,
          0,
          0
        ]
      },
      "faces": {
        "north": {
          "uv": [
            10.625,
            6.125,
            10.875,
            6.25
          ],
          "texture": "#0"
        },
        "east": {
          "uv": [
            1.75,
            10.875,
            1.875,
            11
          ],
          "texture": "#0"
        },
        "south": {
          "uv": [
            10.625,
            6.25,
            10.875,
            6.375
          ],
          "texture": "#0"
        },
        "west": {
          "uv": [
            10.875,
            1.75,
            11,
            1.875
          ],
          "texture": "#0"
        },
        "up": {
          "uv": [
            10.875,
            6.5,
            10.625,
            6.375
          ],
          "texture": "#0"
        },
        "down": {
          "uv": [
            10.875,
            7.375,
            10.625,
            7.5
          ],
          "texture": "#0"
        }
      }
    },
    {
      "from": [
        6.3,
        12.85,
        6.65
      ],
      "to": [
        9.7,
        14.85,
        11.55
      ],
      "faces": {
        "north": {
          "uv": [
            10,
            6.375,
            10.375,
            6.625
          ],
          "texture": "#0"
        },
        "east": {
          "uv": [
            9.875,
            3.125,
            10.5,
            3.375
          ],
          "texture": "#0"
        },
        "south": {
          "uv": [
            9.125,
            10,
            9.5,
            10.25
          ],
          "texture": "#0"
        },
        "west": {
          "uv": [
            9.875,
            3.375,
            10.5,
            3.625
          ],
          "texture": "#0"
        },
        "up": {
          "uv": [
            2.5,
            9.375,
            2.125,
            8.75
          ],
          "texture": "#0"
        },
        "down": {
          "uv": [
            2.5,
            9.375,
            2.125,
            10
          ],
          "texture": "#0"
        }
      }
    },
    {
      "from": [
        11.7,
        3.5,
        2.65
      ],
      "to": [
        12.7,
        8.25,
        11.15
      ],
      "faces": {
        "north": {
          "uv": [
            4.25,
            10,
            4.375,
            10.625
          ],
          "texture": "#0"
        },
        "east": {
          "uv": [
            8.375,
            8.625,
            9.5,
            9.25
          ],
          "texture": "#0"
        },
        "south": {
          "uv": [
            4.375,
            10,
            4.5,
            10.625
          ],
          "texture": "#0"
        },
        "west": {
          "uv": [
            0,
            8.75,
            1.125,
            9.375
          ],
          "texture": "#0"
        },
        "up": {
          "uv": [
            8.625,
            11,
            8.5,
            9.875
          ],
          "texture": "#0"
        },
        "down": {
          "uv": [
            8.75,
            9.875,
            8.625,
            11
          ],
          "texture": "#0"
        }
      }
    },
    {
      "from": [
        3.3,
        3.5,
        2.65
      ],
      "to": [
        4.3,
        8.25,
        11.15
      ],
      "rotation": {
        "angle": 0,
        "axis": "y",
        "origin": [
          16,
          0,
          0
        ]
      },
      "faces": {
        "north": {
          "uv": [
            1.375,
            10.125,
            1.5,
            10.75
          ],
          "texture": "#0"
        },
        "east": {
          "uv": [
            8.75,
            0,
            9.875,
            0.625
          ],
          "texture": "#0"
        },
        "south": {
          "uv": [
            1.5,
            10.125,
            1.625,
            10.75
          ],
          "texture": "#0"
        },
        "west": {
          "uv": [
            8.75,
            0.625,
            9.875,
            1.25
          ],
          "texture": "#0"
        },
        "up": {
          "uv": [
            8.875,
            11,
            8.75,
            9.875
          ],
          "texture": "#0"
        },
        "down": {
          "uv": [
            9,
            9.875,
            8.875,
            11
          ],
          "texture": "#0"
        }
      }
    },
    {
      "from": [
        1.7,
        3.1,
        7.4
      ],
      "to": [
        14.3,
        5.35,
        10.6
      ],
      "faces": {
        "north": {
          "uv": [
            9.5,
            8.375,
            11.125,
            8.625
          ],
          "texture": "#0"
        },
        "east": {
          "uv": [
            9.5,
            10,
            9.875,
            10.25
          ],
          "texture": "#0"
        },
        "south": {
          "uv": [
            9.5,
            8.625,
            11.125,
            8.875
          ],
          "texture": "#0"
        },
        "west": {
          "uv": [
            9.875,
            10,
            10.25,
            10.25
          ],
          "texture": "#0"
        },
        "up": {
          "uv": [
            10.625,
            7.75,
            9,
            7.375
          ],
          "texture": "#0"
        },
        "down": {
          "uv": [
            10.625,
            7.75,
            9,
            8.125
          ],
          "texture": "#0"
        }
      }
    },
    {
      "from": [
        1.975,
        4,
        -7.1
      ],
      "to": [
        1.975,
        19,
        10
      ],
      "rotation": {
        "angle": 0,
        "axis": "y",
        "origin": [
          0,
          3,
          0
        ]
      },
      "faces": {
        "east": {
          "uv": [
            2.4,
            13.375,
            0,
            15.25
          ],
          "texture": "#0"
        },
        "west": {
          "uv": [
            0,
            11.5,
            2.1375,
            13.375
          ],
          "texture": "#0"
        }
      }
    },
    {
      "from": [
        14.025,
        4,
        -7.1
      ],
      "to": [
        14.025,
        19,
        10
      ],
      "rotation": {
        "angle": 0,
        "axis": "y",
        "origin": [
          16,
          3,
          0
        ]
      },
      "faces": {
        "east": {
          "uv": [
            2.1375,
            11.5,
            0,
            13.375
          ],
          "texture": "#0"
        },
        "west": {
          "uv": [
            0,
            13.375,
            2.4,
            15.25
          ],
          "texture": "#0"
        }
      }
    },
    {
      "from": [
        1.11,
        3.3,
        -8.975
      ],
      "to": [
        14.69,
        13.3,
        -8.975
      ],
      "rotation": {
        "angle": 22.5,
        "axis": "x",
        "origin": [
          0,
          3,
          3
        ]
      },
      "faces": {
        "north": {
          "uv": [
            2.2875,
            11.5125,
            3.985,
            12.7625
          ],
          "texture": "#0"
        },
        "south": {
          "uv": [
            0.5375,
            12.1,
            2.235,
            13.35
          ],
          "texture": "#0"
        }
      }
    },
    {
      "from": [
        1.22,
        -2.635,
        -6.885
      ],
      "to": [
        14.68,
        -2.635,
        -2.66
      ],
      "rotation": {
        "angle": 45,
        "axis": "x",
        "origin": [
          0,
          3,
          3
        ]
      },
      "faces": {
        "up": {
          "uv": [
            3.9325,
            12.77813,
            2.25,
            12.25
          ],
          "texture": "#0"
        },
        "down": {
          "uv": [
            3.9325,
            12.77813,
            2.25,
            12.25
          ],
          "texture": "#0"
        }
      }
    },
    {
      "from": [
        1,
        3.025,
        -5
      ],
      "to": [
        15,
        3.025,
        -4
      ],
      "rotation": {
        "angle": 0,
        "axis": "y",
        "origin": [
          0,
          3,
          0
        ]
      },
      "faces": {
        "north": {
          "uv": [
            9.625,
            4.625,
            11.375,
            4.75
          ],
          "texture": "#0"
        },
        "east": {
          "uv": [
            9.5,
            9.125,
            12.125,
            9.25
          ],
          "texture": "#0"
        },
        "south": {
          "uv": [
            9.625,
            4.75,
            11.375,
            4.875
          ],
          "texture": "#0"
        },
        "west": {
          "uv": [
            9.625,
            4.5,
            12.25,
            4.625
          ],
          "texture": "#0"
        },
        "up": {
          "uv": [
            1.75,
            2.625,
            0,
            0
          ],
          "texture": "#0"
        },
        "down": {
          "uv": [
            4,
            12.7125,
            2.25,
            12.8375
          ],
          "texture": "#0"
        }
      }
    },
    {
      "from": [
        1.025,
        6.2,
        -5.075
      ],
      "to": [
        1.975,
        7.9,
        -0.875
      ],
      "rotation": {
        "angle": -22.5,
        "axis": "x",
        "origin": [
          0,
          3,
          0
        ]
      },
      "faces": {
        "north": {
          "uv": [
            9.875,
            10.25,
            10,
            10.75
          ],
          "texture": "#0"
        },
        "east": {
          "uv": [
            8.25,
            2.875,
            9.875,
            3.375
          ],
          "texture": "#0"
        },
        "south": {
          "uv": [
            10,
            10.25,
            10.125,
            10.75
          ],
          "texture": "#0"
        },
        "west": {
          "uv": [
            8.125,
            6,
            9.875,
            6.5
          ],
          "texture": "#0"
        },
        "up": {
          "uv": [
            0.125,
            11.5,
            0,
            9.875
          ],
          "texture": "#0"
        },
        "down": {
          "uv": [
            0.25,
            9.875,
            0.125,
            11.5
          ],
          "texture": "#0"
        }
      }
    },
    {
      "from": [
        1.025,
        5.2,
        -4.175
      ],
      "to": [
        1.975,
        6.2,
        -0.875
      ],
      "rotation": {
        "angle": -22.5,
        "axis": "x",
        "origin": [
          0,
          3,
          0
        ]
      },
      "faces": {
        "north": {
          "uv": [
            9.875,
            10.25,
            10,
            10.75
          ],
          "texture": "#0"
        },
        "east": {
          "uv": [
            8.25,
            2.875,
            9.875,
            3.375
          ],
          "texture": "#0"
        },
        "south": {
          "uv": [
            10,
            10.25,
            10.125,
            10.75
          ],
          "texture": "#0"
        },
        "west": {
          "uv": [
            8.125,
            6,
            9.875,
            6.5
          ],
          "texture": "#0"
        },
        "up": {
          "uv": [
            0.125,
            11.5,
            0,
            9.875
          ],
          "texture": "#0"
        },
        "down": {
          "uv": [
            0.25,
            9.875,
            0.125,
            11.5
          ],
          "texture": "#0"
        }
      }
    },
    {
      "from": [
        1.025,
        4.4,
        -2.975
      ],
      "to": [
        1.975,
        5.2,
        -0.875
      ],
      "rotation": {
        "angle": -22.5,
        "axis": "x",
        "origin": [
          0,
          3,
          0
        ]
      },
      "faces": {
        "north": {
          "uv": [
            9.875,
            10.25,
            10,
            10.75
          ],
          "texture": "#0"
        },
        "east": {
          "uv": [
            8.25,
            2.875,
            9.875,
            3.375
          ],
          "texture": "#0"
        },
        "south": {
          "uv": [
            10,
            10.25,
            10.125,
            10.75
          ],
          "texture": "#0"
        },
        "west": {
          "uv": [
            8.125,
            6,
            9.875,
            6.5
          ],
          "texture": "#0"
        },
        "up": {
          "uv": [
            0.125,
            11.5,
            0,
            9.875
          ],
          "texture": "#0"
        },
        "down": {
          "uv": [
            0.25,
            9.875,
            0.125,
            11.5
          ],
          "texture": "#0"
        }
      }
    },
    {
      "from": [
        14.025,
        4.4,
        -2.975
      ],
      "to": [
        14.975,
        5.2,
        -0.875
      ],
      "rotation": {
        "angle": -22.5,
        "axis": "x",
        "origin": [
          16,
          3,
          0
        ]
      },
      "faces": {
        "north": {
          "uv": [
            10,
            10.25,
            9.875,
            10.75
          ],
          "texture": "#0"
        },
        "east": {
          "uv": [
            9.875,
            6,
            8.125,
            6.5
          ],
          "texture": "#0"
        },
        "south": {
          "uv": [
            10.125,
            10.25,
            10,
            10.75
          ],
          "texture": "#0"
        },
        "west": {
          "uv": [
            9.875,
            2.875,
            8.25,
            3.375
          ],
          "texture": "#0"
        },
        "up": {
          "uv": [
            0,
            11.5,
            0.125,
            9.875
          ],
          "texture": "#0"
        },
        "down": {
          "uv": [
            0.125,
            9.875,
            0.25,
            11.5
          ],
          "texture": "#0"
        }
      }
    },
    {
      "from": [
        14.025,
        5.2,
        -4.175
      ],
      "to": [
        14.975,
        6.2,
        -0.875
      ],
      "rotation": {
        "angle": -22.5,
        "axis": "x",
        "origin": [
          16,
          3,
          0
        ]
      },
      "faces": {
        "north": {
          "uv": [
            10,
            10.25,
            9.875,
            10.75
          ],
          "texture": "#0"
        },
        "east": {
          "uv": [
            9.875,
            6,
            8.125,
            6.5
          ],
          "texture": "#0"
        },
        "south": {
          "uv": [
            10.125,
            10.25,
            10,
            10.75
          ],
          "texture": "#0"
        },
        "west": {
          "uv": [
            9.875,
            2.875,
            8.25,
            3.375
          ],
          "texture": "#0"
        },
        "up": {
          "uv": [
            0,
            11.5,
            0.125,
            9.875
          ],
          "texture": "#0"
        },
        "down": {
          "uv": [
            0.125,
            9.875,
            0.25,
            11.5
          ],
          "texture": "#0"
        }
      }
    },
    {
      "from": [
        14.025,
        6.2,
        -5.075
      ],
      "to": [
        14.975,
        7.9,
        -0.875
      ],
      "rotation": {
        "angle": -22.5,
        "axis": "x",
        "origin": [
          16,
          3,
          0
        ]
      },
      "faces": {
        "north": {
          "uv": [
            10,
            10.25,
            9.875,
            10.75
          ],
          "texture": "#0"
        },
        "east": {
          "uv": [
            9.875,
            6,
            8.125,
            6.5
          ],
          "texture": "#0"
        },
        "south": {
          "uv": [
            10.125,
            10.25,
            10,
            10.75
          ],
          "texture": "#0"
        },
        "west": {
          "uv": [
            9.875,
            2.875,
            8.25,
            3.375
          ],
          "texture": "#0"
        },
        "up": {
          "uv": [
            0,
            11.5,
            0.125,
            9.875
          ],
          "texture": "#0"
        },
        "down": {
          "uv": [
            0.125,
            9.875,
            0.25,
            11.5
          ],
          "texture": "#0"
        }
      }
    },
    {
      "from": [
        1.02,
        -1.66,
        -7.835
      ],
      "to": [
        1.98,
        0.34,
        -2.66
      ],
      "rotation": {
        "angle": 45,
        "axis": "x",
        "origin": [
          0,
          3,
          3
        ]
      },
      "faces": {
        "north": {
          "uv": [
            10.625,
            8,
            10.75,
            8.125
          ],
          "texture": "#0"
        },
        "east": {
          "uv": [
            10,
            6.625,
            10.5,
            6.75
          ],
          "texture": "#0"
        },
        "south": {
          "uv": [
            10.625,
            9.75,
            10.75,
            9.875
          ],
          "texture": "#0"
        },
        "west": {
          "uv": [
            1.875,
            10.125,
            2.375,
            10.25
          ],
          "texture": "#0"
        },
        "up": {
          "uv": [
            2,
            10.75,
            1.875,
            10.25
          ],
          "texture": "#0"
        },
        "down": {
          "uv": [
            2.125,
            10.25,
            2,
            10.75
          ],
          "texture": "#0"
        }
      }
    },
    {
      "from": [
        14.02,
        -1.66,
        -7.835
      ],
      "to": [
        14.98,
        0.34,
        -2.66
      ],
      "rotation": {
        "angle": 45,
        "axis": "x",
        "origin": [
          16,
          3,
          3
        ]
      },
      "faces": {
        "north": {
          "uv": [
            10.75,
            8,
            10.625,
            8.125
          ],
          "texture": "#0"
        },
        "east": {
          "uv": [
            2.375,
            10.125,
            1.875,
            10.25
          ],
          "texture": "#0"
        },
        "south": {
          "uv": [
            10.75,
            9.75,
            10.625,
            9.875
          ],
          "texture": "#0"
        },
        "west": {
          "uv": [
            10.5,
            6.625,
            10,
            6.75
          ],
          "texture": "#0"
        },
        "up": {
          "uv": [
            1.875,
            10.75,
            2,
            10.25
          ],
          "texture": "#0"
        },
        "down": {
          "uv": [
            2,
            10.25,
            2.125,
            10.75
          ],
          "texture": "#0"
        }
      }
    },
    {
      "from": [
        1.025,
        17.03,
        -2.15
      ],
      "to": [
        1.975,
        19.03,
        -1.15
      ],
      "rotation": {
        "angle": 0,
        "axis": "y",
        "origin": [
          0,
          3,
          0
        ]
      },
      "faces": {
        "north": {
          "uv": [
            10.75,
            7.875,
            10.875,
            8
          ],
          "texture": "#0"
        },
        "east": {
          "uv": [
            9.875,
            3.625,
            11,
            3.75
          ],
          "texture": "#0"
        },
        "south": {
          "uv": [
            10.75,
            8,
            10.875,
            8.125
          ],
          "texture": "#0"
        },
        "west": {
          "uv": [
            9.875,
            3.75,
            11,
            3.875
          ],
          "texture": "#0"
        },
        "up": {
          "uv": [
            7.625,
            11,
            7.5,
            9.875
          ],
          "texture": "#0"
        },
        "down": {
          "uv": [
            7.75,
            9.875,
            7.625,
            11
          ],
          "texture": "#0"
        }
      }
    },
    {
      "from": [
        1.025,
        17.03,
        -3.05
      ],
      "to": [
        1.975,
        18.205,
        -2.15
      ],
      "rotation": {
        "angle": 0,
        "axis": "y",
        "origin": [
          0,
          3,
          0
        ]
      },
      "faces": {
        "north": {
          "uv": [
            10.75,
            7.875,
            10.875,
            8
          ],
          "texture": "#0"
        },
        "east": {
          "uv": [
            9.875,
            3.625,
            11,
            3.75
          ],
          "texture": "#0"
        },
        "south": {
          "uv": [
            10.75,
            8,
            10.875,
            8.125
          ],
          "texture": "#0"
        },
        "west": {
          "uv": [
            9.875,
            3.75,
            11,
            3.875
          ],
          "texture": "#0"
        },
        "up": {
          "uv": [
            7.625,
            11,
            7.5,
            9.875
          ],
          "texture": "#0"
        },
        "down": {
          "uv": [
            7.75,
            9.875,
            7.625,
            11
          ],
          "texture": "#0"
        }
      }
    },
    {
      "from": [
        14.025,
        17.03,
        -3.05
      ],
      "to": [
        14.975,
        18.205,
        -2.15
      ],
      "rotation": {
        "angle": 0,
        "axis": "y",
        "origin": [
          16,
          3,
          0
        ]
      },
      "faces": {
        "north": {
          "uv": [
            10.875,
            7.875,
            10.75,
            8
          ],
          "texture": "#0"
        },
        "east": {
          "uv": [
            11,
            3.75,
            9.875,
            3.875
          ],
          "texture": "#0"
        },
        "south": {
          "uv": [
            10.875,
            8,
            10.75,
            8.125
          ],
          "texture": "#0"
        },
        "west": {
          "uv": [
            11,
            3.625,
            9.875,
            3.75
          ],
          "texture": "#0"
        },
        "up": {
          "uv": [
            7.5,
            11,
            7.625,
            9.875
          ],
          "texture": "#0"
        },
        "down": {
          "uv": [
            7.625,
            9.875,
            7.75,
            11
          ],
          "texture": "#0"
        }
      }
    },
    {
      "from": [
        14.025,
        17.03,
        -2.15
      ],
      "to": [
        14.975,
        19.03,
        -1.15
      ],
      "rotation": {
        "angle": 0,
        "axis": "y",
        "origin": [
          16,
          3,
          0
        ]
      },
      "faces": {
        "north": {
          "uv": [
            10.875,
            7.875,
            10.75,
            8
          ],
          "texture": "#0"
        },
        "east": {
          "uv": [
            11,
            3.75,
            9.875,
            3.875
          ],
          "texture": "#0"
        },
        "south": {
          "uv": [
            10.875,
            8,
            10.75,
            8.125
          ],
          "texture": "#0"
        },
        "west": {
          "uv": [
            11,
            3.625,
            9.875,
            3.75
          ],
          "texture": "#0"
        },
        "up": {
          "uv": [
            7.5,
            11,
            7.625,
            9.875
          ],
          "texture": "#0"
        },
        "down": {
          "uv": [
            7.625,
            9.875,
            7.75,
            11
          ],
          "texture": "#0"
        }
      }
    },
    {
      "from": [
        14.015,
        17.03,
        -1.15
      ],
      "to": [
        14.985,
        19.03,
        8.75
      ],
      "rotation": {
        "angle": 0,
        "axis": "y",
        "origin": [
          16,
          3,
          0
        ]
      },
      "faces": {
        "north": {
          "uv": [
            10.875,
            7.875,
            10.75,
            8
          ],
          "texture": "#0"
        },
        "east": {
          "uv": [
            11,
            3.75,
            9.875,
            3.875
          ],
          "texture": "#0"
        },
        "south": {
          "uv": [
            10.875,
            8,
            10.75,
            8.125
          ],
          "texture": "#0"
        },
        "west": {
          "uv": [
            11,
            3.625,
            9.875,
            3.75
          ],
          "texture": "#0"
        },
        "up": {
          "uv": [
            7.5,
            11,
            7.625,
            9.875
          ],
          "texture": "#0"
        },
        "down": {
          "uv": [
            7.625,
            9.875,
            7.75,
            11
          ],
          "texture": "#0"
        }
      }
    }
  ],
  "display": {
    "thirdperson_righthand": {
      "scale": [
        0.3,
        0.3,
        0.3
      ]
    },
    "thirdperson_lefthand": {
      "scale": [
        0.3,
        0.3,
        0.3
      ]
    },
    "firstperson_righthand": {
      "scale": [
        0.3,
        0.3,
        0.3
      ]
    },
    "firstperson_lefthand": {
      "scale": [
        0.3,
        0.3,
        0.3
      ]
    },
    "ground": {
      "translation": [
        0,
        2,
        0
      ],
      "scale": [
        0.3,
        0.3,
        0.3
      ]
    },
    "gui": {
      "rotation": [
        25,
        136,
        0
      ],
      "translation": [
        0,
        -1.5,
        0
      ],
      "scale": [
        0.35,
        0.35,
        0.35
      ]
    },
    "head": {
      "translation": [
        0,
        15.5,
        10.5
      ],
      "scale": [
        3,
        3,
        3
      ]
    },
    "fixed": {
      "rotation": [
        -90,
        90,
        0
      ],
      "translation": [
        0,
        0,
        -4.25
      ],
      "scale": [
        0.6,
        0.6,
        0.6
      ]
    }
  },
  "groups": [
    {
      "name": "propeller",
      "origin": [
        0,
        0,
        -2
      ],
      "color": 0,
      "children": []
    },
    {
      "name": "group",
      "origin": [
        16,
        3,
        0
      ],
      "color": 0,
      "children": [
        0,
        1,
        2,
        3,
        4,
        5,
        6,
        7,
        8,
        9,
        10,
        11,
        12,
        13,
        14,
        15,
        16,
        17,
        18,
        19,
        20,
        21,
        22,
        23,
        24,
        25,
        26,
        27,
        28,
        29,
        30,
        31,
        32,
        33,
        34,
        35,
        36,
        37,
        38,
        39,
        40,
        41,
        42,
        43,
        44,
        45,
        46,
        47,
        48,
        49,
        50,
        51,
        52,
        53,
        54,
        55,
        56,
        57,
        58,
        59,
        60,
        61,
        62,
        63,
        64,
        65
      ]
    }
  ]
}