{
  "warai.cindy": {
    "sounds": [
      {
        "name": "koneshimaex:warai/cindy1"
      },
      {
        "name": "koneshimaex:warai/cindy2"
      },
      {
        "name": "koneshimaex:warai/cindy3"
      }
    ]
  },
  "warai.koneshima": {
    "sounds": [
      {
        "name": "koneshimaex:warai/koneshima1"
      },
      {
        "name": "koneshimaex:warai/koneshima2"
      }
    ]
  },
  "voice.nenii.oyasumi": {
    "sounds": [
      {
        "name": "koneshimaex:voice/nenii_oyasumi"
      }
    ]
  },
  "music.otoge.summer_triangle": {
    "sounds": [
      {
        "name": "koneshimaex:music/summer_triangle"
      }
    ]
  },
  "se.use_totem": {
    "sounds": [
      {
        "name": "minecraft:item/totem/use_totem"
      }
    ]
  }
}