{
  "parent": "item/generated",
  "textures": {
    "layer0": "item/disc_fragment_5"
  },
  "overrides": [
    {
      "predicate": {
        "custom_model_data": 14
      },
      "model": "item/fragment_zerosevenbgmerone"
    },
    {
      "predicate": {
        "custom_model_data": 1
      },
      "model": "item/fragment_zerosixbgmerone"
    },
    {
      "predicate": {
        "custom_model_data": 2
      },
      "model": "item/fragment_oneonebgmerone"
    },
    {
      "predicate": {
        "custom_model_data": 3
      },
      "model": "item/fragment_onethreebgmertwo"
    },
    {
      "predicate": {
        "custom_model_data": 4
      },
      "model": "item/fragment_zerotwotwoonebgmerone"
    },
    {
      "predicate": {
        "custom_model_data": 5
      },
      "model": "item/fragment_zerofourbgmerone"
    },
    {
      "predicate": {
        "custom_model_data": 6
      },
      "model": "item/fragment_zeroeightbgmerone"
    },
    {
      "predicate": {
        "custom_model_data": 7
      },
      "model": "item/fragment_zerofivebgmerone"
    },
    {
      "predicate": {
        "custom_model_data": 8
      },
      "model": "item/fragment_zeroonethreebgmerone"
    },
    {
      "predicate": {
        "custom_model_data": 9
      },
      "model": "item/fragment_zeroninexbgmerone"
    },
    {
      "predicate": {
        "custom_model_data": 10
      },
      "model": "item/fragment_zerothreembgmerone"
    },
    {
      "predicate": {
        "custom_model_data": 11
      },
      "model": "item/fragment_onezerobgmerone"
    },
    {
      "predicate": {
        "custom_model_data": 12
      },
      "model": "item/fragment_onetwobgmerone"
    }
  ]
}