{
  "parent": "item/generated",
  "textures": {
    "layer0": "item/music_disc_11"
  },
  "overrides": [
    {
      "predicate": {
        "custom_model_data": 14
      },
      "model": "item/music_disc_zerosevenbgmerone"
    },
    {
      "predicate": {
        "custom_model_data": 1
      },
      "model": "item/music_disc_zerosixbgmerone"
    },
    {
      "predicate": {
        "custom_model_data": 2
      },
      "model": "item/music_disc_oneonebgmerone"
    },
    {
      "predicate": {
        "custom_model_data": 3
      },
      "model": "item/music_disc_onethreebgmertwo"
    },
    {
      "predicate": {
        "custom_model_data": 4
      },
      "model": "item/music_disc_zerotwotwoonebgmerone"
    },
    {
      "predicate": {
        "custom_model_data": 5
      },
      "model": "item/music_disc_zerofourbgmerone"
    },
    {
      "predicate": {
        "custom_model_data": 6
      },
      "model": "item/music_disc_zeroeightbgmerone"
    },
    {
      "predicate": {
        "custom_model_data": 7
      },
      "model": "item/music_disc_zerofivebgmerone"
    },
    {
      "predicate": {
        "custom_model_data": 8
      },
      "model": "item/music_disc_zeroonethreebgmerone"
    },
    {
      "predicate": {
        "custom_model_data": 9
      },
      "model": "item/music_disc_zeroninexbgmerone"
    },
    {
      "predicate": {
        "custom_model_data": 10
      },
      "model": "item/music_disc_zerothreembgmerone"
    },
    {
      "predicate": {
        "custom_model_data": 11
      },
      "model": "item/music_disc_onezerobgmerone"
    },
    {
      "predicate": {
        "custom_model_data": 12
      },
      "model": "item/music_disc_onetwobgmerone"
    }
  ]
}