[
  {
    "title": "(07) ヒゲのダンス",
    "author": "BGMer",
    "duration": 105,
    "disc-namespace": "zerosevenbgmerone",
    "model-data": 14,
    "creeper-drop": false,
    "lores": [],
    "loot-tables": {},
    "fragment-loot-tables": {}
  },
  {
    "title": "(06) ハンドパワー",
    "author": "BGMer",
    "duration": 106,
    "disc-namespace": "zerosixbgmerone",
    "model-data": 1,
    "creeper-drop": false,
    "lores": [],
    "loot-tables": {},
    "fragment-loot-tables": {}
  },
  {
    "title": "(11) 真夜中の遊園地",
    "author": "BGMer",
    "duration": 98,
    "disc-namespace": "oneonebgmerone",
    "model-data": 2,
    "creeper-drop": false,
    "lores": [],
    "loot-tables": {},
    "fragment-loot-tables": {}
  },
  {
    "title": "(13) 毎日がサスペンス",
    "author": "BGMer",
    "duration": 100,
    "disc-namespace": "onethreebgmertwo",
    "model-data": 3,
    "creeper-drop": false,
    "lores": [],
    "loot-tables": {},
    "fragment-loot-tables": {}
  },
  {
    "title": "(02) 21世紀の幕開け",
    "author": "BGMer",
    "duration": 26,
    "disc-namespace": "zerotwotwoonebgmerone",
    "model-data": 4,
    "creeper-drop": false,
    "lores": [],
    "loot-tables": {},
    "fragment-loot-tables": {}
  },
  {
    "title": "(04) からあげ教室",
    "author": "BGMer",
    "duration": 98,
    "disc-namespace": "zerofourbgmerone",
    "model-data": 5,
    "creeper-drop": false,
    "lores": [],
    "loot-tables": {},
    "fragment-loot-tables": {}
  },
  {
    "title": "(08) ピンクなパンサー",
    "author": "BGMer",
    "duration": 93,
    "disc-namespace": "zeroeightbgmerone",
    "model-data": 6,
    "creeper-drop": false,
    "lores": [],
    "loot-tables": {},
    "fragment-loot-tables": {}
  },
  {
    "title": "(05) スリルな黒タイツ",
    "author": "BGMer",
    "duration": 92,
    "disc-namespace": "zerofivebgmerone",
    "model-data": 7,
    "creeper-drop": false,
    "lores": [],
    "loot-tables": {},
    "fragment-loot-tables": {}
  },
  {
    "title": "(01) 3分間でクッキング",
    "author": "BGMer",
    "duration": 152,
    "disc-namespace": "zeroonethreebgmerone",
    "model-data": 8,
    "creeper-drop": false,
    "lores": [],
    "loot-tables": {},
    "fragment-loot-tables": {}
  },
  {
    "title": "(09) ファイルX",
    "author": "BGMer",
    "duration": 96,
    "disc-namespace": "zeroninexbgmerone",
    "model-data": 9,
    "creeper-drop": false,
    "lores": [],
    "loot-tables": {},
    "fragment-loot-tables": {}
  },
  {
    "title": "(03) Mステーション",
    "author": "BGMer",
    "duration": 104,
    "disc-namespace": "zerothreembgmerone",
    "model-data": 10,
    "creeper-drop": false,
    "lores": [],
    "loot-tables": {},
    "fragment-loot-tables": {}
  },
  {
    "title": "(10) ボクサーズロード",
    "author": "BGMer",
    "duration": 73,
    "disc-namespace": "onezerobgmerone",
    "model-data": 11,
    "creeper-drop": false,
    "lores": [],
    "loot-tables": {},
    "fragment-loot-tables": {}
  },
  {
    "title": "(12) 世にも奇怪な物語",
    "author": "BGMer",
    "duration": 97,
    "disc-namespace": "onetwobgmerone",
    "model-data": 12,
    "creeper-drop": false,
    "lores": [],
    "loot-tables": {},
    "fragment-loot-tables": {}
  }
]