{
  "credit": "Made with Blockbench",
  "texture_size": [
    64,
    64
  ],
  "textures": {
    "0": "koneshimaex:item/kokkubou",
    "particle": "koneshimaex:item/kokkubou"
  },
  "elements": [
    {
      "from": [
        0,
        15,
        0
      ],
      "to": [
        16,
        20,
        16
      ],
      "faces": {
        "north": {
          "uv": [
            8,
            2,
            10,
            2.5
          ],
          "texture": "#0"
        },
        "east": {
          "uv": [
            12,
            2,
            14,
            2.5
          ],
          "texture": "#0"
        },
        "south": {
          "uv": [
            10,
            2,
            12,
            2.5
          ],
          "texture": "#0"
        },
        "west": {
          "uv": [
            14,
            2,
            16,
            2.5
          ],
          "texture": "#0"
        },
        "up": {
          "uv": [
            4,
            2,
            2,
            0
          ],
          "texture": "#0"
        },
        "down": {
          "uv": [
            6,
            0,
            4,
            2
          ],
          "texture": "#0"
        }
      }
    },
    {
      "from": [
        1,
        0,
        1
      ],
      "to": [
        15,
        19,
        15
      ],
      "faces": {
        "north": {
          "uv": [
            0,
            2,
            2,
            4
          ],
          "texture": "#0"
        },
        "east": {
          "uv": [
            6,
            2,
            8,
            4
          ],
          "texture": "#0"
        },
        "south": {
          "uv": [
            2,
            2,
            4,
            4
          ],
          "texture": "#0"
        },
        "west": {
          "uv": [
            4,
            2,
            6,
            4
          ],
          "texture": "#0"
        },
        "up": {
          "uv": [
            4,
            2,
            2,
            0
          ],
          "texture": "#0"
        },
        "down": {
          "uv": [
            6,
            0,
            4,
            2
          ],
          "texture": "#0"
        }
      }
    }
  ],
  "gui_light": "front",
  "display": {
    "thirdperson_righthand": {
      "scale": [
        0.5,
        0.5,
        0.5
      ]
    },
    "firstperson_righthand": {
      "scale": [
        0.5,
        0.5,
        0.5
      ]
    },
    "head": {
      "translation": [
        0,
        9.5,
        0
      ]
    },
    "fixed": {
      "scale": [
        0.8,
        0.8,
        0.8
      ]
    }
  }
}