{
  "credit": "Made with Blockbench",
  "texture_size": [
    64,
    64
  ],
  "textures": {
    "0": "koneshimaex:item/megane",
    "particle": "koneshimaex:item/megane"
  },
  "elements": [
    {
      "from": [
        1,
        1,
        1
      ],
      "to": [
        15,
        15,
        1
      ],
      "rotation": {
        "angle": 0,
        "axis": "y",
        "origin": [
          1,
          1,
          1
        ]
      },
      "faces": {
        "north": {
          "uv": [
            0,
            0,
            3.5,
            3.5
          ],
          "texture": "#0"
        },
        "east": {
          "uv": [
            0,
            3.5,
            3.5,
            7
          ],
          "texture": "#0"
        },
        "south": {
          "uv": [
            0,
            0,
            3.5,
            3.5
          ],
          "texture": "#0"
        },
        "west": {
          "uv": [
            3.5,
            3.5,
            7,
            7
          ],
          "texture": "#0"
        },
        "up": {
          "uv": [
            3.5,
            10.5,
            0,
            7
          ],
          "texture": "#0"
        },
        "down": {
          "uv": [
            10.5,
            0,
            7,
            3.5
          ],
          "texture": "#0"
        }
      }
    },
    {
      "from": [
        1,
        1,
        1
      ],
      "to": [
        1,
        15,
        15
      ],
      "rotation": {
        "angle": 0,
        "axis": "y",
        "origin": [
          1,
          1,
          1
        ]
      },
      "faces": {
        "north": {
          "uv": [
            0,
            0,
            3.5,
            3.5
          ],
          "texture": "#0"
        },
        "east": {
          "uv": [
            0,
            3.5,
            3.5,
            7
          ],
          "texture": "#0"
        },
        "south": {
          "uv": [
            3.5,
            0,
            7,
            3.5
          ],
          "texture": "#0"
        },
        "west": {
          "uv": [
            3.5,
            3.5,
            7,
            7
          ],
          "texture": "#0"
        },
        "up": {
          "uv": [
            3.5,
            10.5,
            0,
            7
          ],
          "texture": "#0"
        },
        "down": {
          "uv": [
            10.5,
            0,
            7,
            3.5
          ],
          "texture": "#0"
        }
      }
    },
    {
      "from": [
        15,
        1,
        1
      ],
      "to": [
        15,
        15,
        15
      ],
      "rotation": {
        "angle": 0,
        "axis": "y",
        "origin": [
          1,
          1,
          1
        ]
      },
      "faces": {
        "north": {
          "uv": [
            0,
            0,
            3.5,
            3.5
          ],
          "texture": "#0"
        },
        "east": {
          "uv": [
            0,
            3.5,
            3.5,
            7
          ],
          "texture": "#0"
        },
        "south": {
          "uv": [
            3.5,
            0,
            7,
            3.5
          ],
          "texture": "#0"
        },
        "west": {
          "uv": [
            3.5,
            3.5,
            7,
            7
          ],
          "texture": "#0"
        },
        "up": {
          "uv": [
            3.5,
            10.5,
            0,
            7
          ],
          "texture": "#0"
        },
        "down": {
          "uv": [
            10.5,
            0,
            7,
            3.5
          ],
          "texture": "#0"
        }
      }
    }
  ],
  "gui_light": "front",
  "display": {
    "thirdperson_righthand": {
      "rotation": [
        180,
        0,
        85
      ],
      "translation": [
        0,
        0,
        -6.75
      ]
    },
    "thirdperson_lefthand": {
      "rotation": [
        180,
        0,
        85
      ],
      "translation": [
        0,
        0,
        -6.75
      ]
    },
    "firstperson_righthand": {
      "rotation": [
        0,
        180,
        0
      ],
      "translation": [
        0,
        0,
        -8.25
      ]
    },
    "firstperson_lefthand": {
      "rotation": [
        0,
        180,
        0
      ],
      "translation": [
        0,
        0,
        -8.25
      ]
    },
    "gui": {
      "rotation": [
        27,
        133,
        0
      ],
      "translation": [
        1.75,
        1.75,
        0
      ],
      "scale": [
        0.8,
        0.8,
        0.8
      ]
    },
    "fixed": {
      "translation": [
        0,
        0,
        -1.75
      ],
      "scale": [
        1.2,
        1.2,
        1.2
      ]
    }
  }
}