{
  "credit": "Made with Blockbench",
  "texture_size": [
    32,
    32
  ],
  "textures": {
    "0": "koneshimaex:item/tatepu",
    "particle": "koneshimaex:item/tatepu"
  },
  "elements": [
    {
      "from": [
        7.5,
        10,
        8
      ],
      "to": [
        8.5,
        11,
        13
      ],
      "faces": {
        "north": {
          "uv": [
            3,
            8.5,
            3.5,
            9
          ],
          "texture": "#0"
        },
        "east": {
          "uv": [
            1,
            7.5,
            3.5,
            8
          ],
          "texture": "#0"
        },
        "south": {
          "uv": [
            7.5,
            8.5,
            8,
            9
          ],
          "texture": "#0"
        },
        "west": {
          "uv": [
            3.5,
            7.5,
            6,
            8
          ],
          "texture": "#0"
        },
        "up": {
          "uv": [
            6.5,
            10,
            6,
            7.5
          ],
          "texture": "#0"
        },
        "down": {
          "uv": [
            7,
            7.5,
            6.5,
            10
          ],
          "texture": "#0"
        }
      }
    },
    {
      "from": [
        7.5,
        6,
        12
      ],
      "to": [
        8.5,
        10,
        13
      ],
      "faces": {
        "north": {
          "uv": [
            4.5,
            8,
            5,
            10
          ],
          "texture": "#0"
        },
        "east": {
          "uv": [
            5,
            8,
            5.5,
            10
          ],
          "texture": "#0"
        },
        "south": {
          "uv": [
            5.5,
            8,
            6,
            10
          ],
          "texture": "#0"
        },
        "west": {
          "uv": [
            7,
            8,
            7.5,
            10
          ],
          "texture": "#0"
        },
        "up": {
          "uv": [
            8.5,
            9,
            8,
            8.5
          ],
          "texture": "#0"
        },
        "down": {
          "uv": [
            9,
            8,
            8.5,
            8.5
          ],
          "texture": "#0"
        }
      }
    },
    {
      "from": [
        7.5,
        5,
        8
      ],
      "to": [
        8.5,
        6,
        13
      ],
      "faces": {
        "north": {
          "uv": [
            8.5,
            8.5,
            9,
            9
          ],
          "texture": "#0"
        },
        "east": {
          "uv": [
            7,
            7.5,
            9.5,
            8
          ],
          "texture": "#0"
        },
        "south": {
          "uv": [
            1,
            9,
            1.5,
            9.5
          ],
          "texture": "#0"
        },
        "west": {
          "uv": [
            1,
            8,
            3.5,
            8.5
          ],
          "texture": "#0"
        },
        "up": {
          "uv": [
            4,
            10.5,
            3.5,
            8
          ],
          "texture": "#0"
        },
        "down": {
          "uv": [
            4.5,
            8,
            4,
            10.5
          ],
          "texture": "#0"
        }
      }
    },
    {
      "from": [
        3,
        1,
        7
      ],
      "to": [
        13,
        15,
        8
      ],
      "rotation": {
        "angle": 0,
        "axis": "y",
        "origin": [
          4,
          2,
          6
        ]
      },
      "faces": {
        "north": {
          "uv": [
            0,
            0,
            5,
            7
          ],
          "texture": "#0"
        },
        "east": {
          "uv": [
            0,
            7,
            0.5,
            14
          ],
          "texture": "#0"
        },
        "south": {
          "uv": [
            5,
            0,
            10,
            7
          ],
          "texture": "#0"
        },
        "west": {
          "uv": [
            0.5,
            7,
            1,
            14
          ],
          "texture": "#0"
        },
        "up": {
          "uv": [
            6,
            7.5,
            1,
            7
          ],
          "texture": "#0"
        },
        "down": {
          "uv": [
            11,
            7,
            6,
            7.5
          ],
          "texture": "#0"
        }
      }
    },
    {
      "from": [
        4,
        14,
        6
      ],
      "to": [
        5,
        15,
        7
      ],
      "rotation": {
        "angle": 0,
        "axis": "y",
        "origin": [
          4,
          14,
          6
        ]
      },
      "faces": {
        "north": {
          "uv": [
            1.5,
            9,
            2,
            9.5
          ],
          "texture": "#0"
        },
        "east": {
          "uv": [
            2,
            9,
            2.5,
            9.5
          ],
          "texture": "#0"
        },
        "south": {
          "uv": [
            2.5,
            9,
            3,
            9.5
          ],
          "texture": "#0"
        },
        "west": {
          "uv": [
            3,
            9,
            3.5,
            9.5
          ],
          "texture": "#0"
        },
        "up": {
          "uv": [
            8,
            9.5,
            7.5,
            9
          ],
          "texture": "#0"
        },
        "down": {
          "uv": [
            8.5,
            9,
            8,
            9.5
          ],
          "texture": "#0"
        }
      }
    },
    {
      "from": [
        6,
        14,
        6
      ],
      "to": [
        7,
        15,
        7
      ],
      "rotation": {
        "angle": 0,
        "axis": "y",
        "origin": [
          6,
          14,
          6
        ]
      },
      "faces": {
        "north": {
          "uv": [
            9,
            8,
            9.5,
            8.5
          ],
          "texture": "#0"
        },
        "east": {
          "uv": [
            8.5,
            9,
            9,
            9.5
          ],
          "texture": "#0"
        },
        "south": {
          "uv": [
            9,
            8.5,
            9.5,
            9
          ],
          "texture": "#0"
        },
        "west": {
          "uv": [
            9,
            9,
            9.5,
            9.5
          ],
          "texture": "#0"
        },
        "up": {
          "uv": [
            1.5,
            10,
            1,
            9.5
          ],
          "texture": "#0"
        },
        "down": {
          "uv": [
            2,
            9.5,
            1.5,
            10
          ],
          "texture": "#0"
        }
      }
    },
    {
      "from": [
        9,
        14,
        6
      ],
      "to": [
        10,
        15,
        7
      ],
      "rotation": {
        "angle": 0,
        "axis": "y",
        "origin": [
          9,
          14,
          6
        ]
      },
      "faces": {
        "north": {
          "uv": [
            2,
            9.5,
            2.5,
            10
          ],
          "texture": "#0"
        },
        "east": {
          "uv": [
            2.5,
            9.5,
            3,
            10
          ],
          "texture": "#0"
        },
        "south": {
          "uv": [
            3,
            9.5,
            3.5,
            10
          ],
          "texture": "#0"
        },
        "west": {
          "uv": [
            7.5,
            9.5,
            8,
            10
          ],
          "texture": "#0"
        },
        "up": {
          "uv": [
            10,
            8,
            9.5,
            7.5
          ],
          "texture": "#0"
        },
        "down": {
          "uv": [
            8.5,
            9.5,
            8,
            10
          ],
          "texture": "#0"
        }
      }
    },
    {
      "from": [
        11,
        14,
        6
      ],
      "to": [
        12,
        15,
        7
      ],
      "rotation": {
        "angle": 0,
        "axis": "y",
        "origin": [
          11,
          14,
          6
        ]
      },
      "faces": {
        "north": {
          "uv": [
            9.5,
            8,
            10,
            8.5
          ],
          "texture": "#0"
        },
        "east": {
          "uv": [
            8.5,
            9.5,
            9,
            10
          ],
          "texture": "#0"
        },
        "south": {
          "uv": [
            9.5,
            8.5,
            10,
            9
          ],
          "texture": "#0"
        },
        "west": {
          "uv": [
            9,
            9.5,
            9.5,
            10
          ],
          "texture": "#0"
        },
        "up": {
          "uv": [
            10,
            9.5,
            9.5,
            9
          ],
          "texture": "#0"
        },
        "down": {
          "uv": [
            10,
            9.5,
            9.5,
            10
          ],
          "texture": "#0"
        }
      }
    },
    {
      "from": [
        4,
        1,
        6
      ],
      "to": [
        5,
        2,
        7
      ],
      "rotation": {
        "angle": 0,
        "axis": "y",
        "origin": [
          4,
          1,
          6
        ]
      },
      "faces": {
        "north": {
          "uv": [
            10,
            0,
            10.5,
            0.5
          ],
          "texture": "#0"
        },
        "east": {
          "uv": [
            10,
            0.5,
            10.5,
            1
          ],
          "texture": "#0"
        },
        "south": {
          "uv": [
            1,
            10,
            1.5,
            10.5
          ],
          "texture": "#0"
        },
        "west": {
          "uv": [
            10,
            1,
            10.5,
            1.5
          ],
          "texture": "#0"
        },
        "up": {
          "uv": [
            2,
            10.5,
            1.5,
            10
          ],
          "texture": "#0"
        },
        "down": {
          "uv": [
            10.5,
            1.5,
            10,
            2
          ],
          "texture": "#0"
        }
      }
    },
    {
      "from": [
        6,
        1,
        6
      ],
      "to": [
        7,
        2,
        7
      ],
      "rotation": {
        "angle": 0,
        "axis": "y",
        "origin": [
          6,
          1,
          6
        ]
      },
      "faces": {
        "north": {
          "uv": [
            2,
            10,
            2.5,
            10.5
          ],
          "texture": "#0"
        },
        "east": {
          "uv": [
            10,
            2,
            10.5,
            2.5
          ],
          "texture": "#0"
        },
        "south": {
          "uv": [
            2.5,
            10,
            3,
            10.5
          ],
          "texture": "#0"
        },
        "west": {
          "uv": [
            10,
            2.5,
            10.5,
            3
          ],
          "texture": "#0"
        },
        "up": {
          "uv": [
            3.5,
            10.5,
            3,
            10
          ],
          "texture": "#0"
        },
        "down": {
          "uv": [
            10.5,
            3,
            10,
            3.5
          ],
          "texture": "#0"
        }
      }
    },
    {
      "from": [
        8,
        1,
        6
      ],
      "to": [
        9,
        2,
        7
      ],
      "rotation": {
        "angle": 0,
        "axis": "y",
        "origin": [
          8,
          1,
          6
        ]
      },
      "faces": {
        "north": {
          "uv": [
            10,
            3.5,
            10.5,
            4
          ],
          "texture": "#0"
        },
        "east": {
          "uv": [
            10,
            4,
            10.5,
            4.5
          ],
          "texture": "#0"
        },
        "south": {
          "uv": [
            4.5,
            10,
            5,
            10.5
          ],
          "texture": "#0"
        },
        "west": {
          "uv": [
            10,
            4.5,
            10.5,
            5
          ],
          "texture": "#0"
        },
        "up": {
          "uv": [
            5.5,
            10.5,
            5,
            10
          ],
          "texture": "#0"
        },
        "down": {
          "uv": [
            10.5,
            5,
            10,
            5.5
          ],
          "texture": "#0"
        }
      }
    },
    {
      "from": [
        10,
        1,
        6
      ],
      "to": [
        11,
        2,
        7
      ],
      "rotation": {
        "angle": 0,
        "axis": "y",
        "origin": [
          10,
          1,
          6
        ]
      },
      "faces": {
        "north": {
          "uv": [
            7.5,
            8,
            8,
            8.5
          ],
          "texture": "#0"
        },
        "east": {
          "uv": [
            8,
            8,
            8.5,
            8.5
          ],
          "texture": "#0"
        },
        "south": {
          "uv": [
            1,
            8.5,
            1.5,
            9
          ],
          "texture": "#0"
        },
        "west": {
          "uv": [
            1.5,
            8.5,
            2,
            9
          ],
          "texture": "#0"
        },
        "up": {
          "uv": [
            2.5,
            9,
            2,
            8.5
          ],
          "texture": "#0"
        },
        "down": {
          "uv": [
            3,
            8.5,
            2.5,
            9
          ],
          "texture": "#0"
        }
      }
    }
  ],
  "display": {
    "thirdperson_righthand": {
      "rotation": [
        0,
        -90,
        0
      ],
      "translation": [
        2.3,
        -2,
        5
      ]
    },
    "thirdperson_lefthand": {
      "rotation": [
        0,
        -90,
        0
      ],
      "translation": [
        2.3,
        -2,
        5
      ]
    },
    "firstperson_righthand": {
      "rotation": [
        0,
        -75,
        15
      ],
      "translation": [
        4,
        -3,
        0
      ]
    },
    "firstperson_lefthand": {
      "rotation": [
        0,
        -75,
        15
      ],
      "translation": [
        4,
        -3,
        0
      ]
    },
    "ground": {
      "translation": [
        0,
        2,
        0
      ],
      "scale": [
        0.5,
        0.5,
        0.5
      ]
    },
    "gui": {
      "rotation": [
        0,
        132,
        5
      ]
    },
    "head": {
      "translation": [
        0,
        0,
        -4.75
      ],
      "scale": [
        1.7,
        1.5,
        1.5
      ]
    }
  }
}