{
	"credit": "Made with Blockbench",
	"texture_size": [32, 32],
	"textures": {
		"0": "konex:item/quiz/hayaosibotan_off",
		"particle": "konex:item/quiz/hayaosibotan_on"
	},
	"elements": [
		{
			"from": [5, 0, 2],
			"to": [10, 2, 11],
			"rotation": {"angle": 0, "axis": "y", "origin": [5, 0, 2]},
			"faces": {
				"north": {"uv": [8, 0, 11, 1], "texture": "#0"},
				"east": {"uv": [0, 5.5, 5.5, 6.5], "texture": "#0"},
				"south": {"uv": [8, 1, 11, 2], "texture": "#0"},
				"west": {"uv": [5.5, 5.5, 11, 6.5], "texture": "#0"},
				"up": {"uv": [3, 5.5, 0, 0], "texture": "#0"},
				"down": {"uv": [6, 0, 3, 5.5], "texture": "#0"}
			}
		},
		{
			"from": [6, 2, 3],
			"to": [9, 4, 6],
			"rotation": {"angle": 0, "axis": "y", "origin": [6, 2, 3]},
			"faces": {
				"north": {"uv": [6, 0, 8, 2.5], "texture": "#0"},
				"east": {"uv": [6, 2.5, 8, 5], "texture": "#0"},
				"south": {"uv": [0, 6.5, 2, 9], "texture": "#0"},
				"west": {"uv": [2, 6.5, 4, 9], "texture": "#0"},
				"up": {"uv": [6, 8.5, 4, 6.5], "texture": "#0"},
				"down": {"uv": [8, 6.5, 6, 8.5], "texture": "#0"}
			}
		},
		{
			"from": [7, 2, 8],
			"to": [8, 3, 9],
			"rotation": {"angle": 0, "axis": "y", "origin": [7, 2, 8]},
			"faces": {
				"north": {"uv": [8, 2, 9, 3], "texture": "#0"},
				"east": {"uv": [8, 3, 9, 4], "texture": "#0"},
				"south": {"uv": [8, 4, 9, 5], "texture": "#0"},
				"west": {"uv": [8, 6.5, 9, 7.5], "texture": "#0"},
				"up": {"uv": [9, 8.5, 8, 7.5], "texture": "#0"},
				"down": {"uv": [5, 8.5, 4, 9.5], "texture": "#0"}
			}
		}
	],
	"gui_light": "front",
	"display": {
		"thirdperson_righthand": {
			"rotation": [39, 0, 0],
			"translation": [0.5, 4.25, 2.25]
		},
		"firstperson_righthand": {
			"translation": [0.75, 7.25, 0.5]
		},
		"gui": {
			"rotation": [34, -50, 0],
			"translation": [0, 2.75, 0]
		}
	}
}