{
  "model": {
    "type": "range_dispatch",
    "property": "custom_model_data",
    "fallback": {
      "type": "model",
      "model": "item/disc_fragment_5"
    },
    "entries": [
      {
        "threshold": 1,
        "model": {
          "type": "model",
          "model": "item/fragment_bgmersixzero"
        }
      },
      {
        "threshold": 2,
        "model": {
          "type": "model",
          "model": "item/fragment_bgmersixzerozero"
        }
      },
      {
        "threshold": 3,
        "model": {
          "type": "model",
          "model": "item/fragment_bgmersixzerozerozero"
        }
      },
      {
        "threshold": 4,
        "model": {
          "type": "model",
          "model": "item/fragment_bgmersixzerozerozerozero"
        }
      },
      {
        "threshold": 5,
        "model": {
          "type": "model",
          "model": "item/fragment_bgmersixzerozerozerozerozero"
        }
      },
      {
        "threshold": 6,
        "model": {
          "type": "model",
          "model": "item/fragment_bgmersix"
        }
      },
      {
        "threshold": 7,
        "model": {
          "type": "model",
          "model": "item/fragment_threebgmerone"
        }
      },
      {
        "threshold": 8,
        "model": {
          "type": "model",
          "model": "item/fragment_twoonebgmerone"
        }
      },
      {
        "threshold": 9,
        "model": {
          "type": "model",
          "model": "item/fragment_mbgmerone"
        }
      },
      {
        "threshold": 10,
        "model": {
          "type": "model",
          "model": "item/fragment_bgmeronezero"
        }
      },
      {
        "threshold": 11,
        "model": {
          "type": "model",
          "model": "item/fragment_xbgmerone"
        }
      },
      {
        "threshold": 12,
        "model": {
          "type": "model",
          "model": "item/fragment_bgmeronetwo"
        }
      },
      {
        "threshold": 13,
        "model": {
          "type": "model",
          "model": "item/fragment_bgmeronethree"
        }
      }
    ]
  }
}