{
  "item.totem.use": {
    "sounds": [
      {
        "name": "koneshimaex:se/donpafu"
      }
    ]
  },
  "zerosevenbgmerone": {
    "sounds": [
      {
        "name": "records/zerosevenbgmerone",
        "stream": true
      }
    ]
  },
  "zerosixbgmerone": {
    "sounds": [
      {
        "name": "records/zerosixbgmerone",
        "stream": true
      }
    ]
  },
  "oneonebgmerone": {
    "sounds": [
      {
        "name": "records/oneonebgmerone",
        "stream": true
      }
    ]
  },
  "onethreebgmertwo": {
    "sounds": [
      {
        "name": "records/onethreebgmertwo",
        "stream": true
      }
    ]
  },
  "zerotwotwoonebgmerone": {
    "sounds": [
      {
        "name": "records/zerotwotwoonebgmerone",
        "stream": true
      }
    ]
  },
  "zerofourbgmerone": {
    "sounds": [
      {
        "name": "records/zerofourbgmerone",
        "stream": true
      }
    ]
  },
  "zeroeightbgmerone": {
    "sounds": [
      {
        "name": "records/zeroeightbgmerone",
        "stream": true
      }
    ]
  },
  "zerofivebgmerone": {
    "sounds": [
      {
        "name": "records/zerofivebgmerone",
        "stream": true
      }
    ]
  },
  "zeroonethreebgmerone": {
    "sounds": [
      {
        "name": "records/zeroonethreebgmerone",
        "stream": true
      }
    ]
  },
  "zeroninexbgmerone": {
    "sounds": [
      {
        "name": "records/zeroninexbgmerone",
        "stream": true
      }
    ]
  },
  "zerothreembgmerone": {
    "sounds": [
      {
        "name": "records/zerothreembgmerone",
        "stream": true
      }
    ]
  },
  "onezerobgmerone": {
    "sounds": [
      {
        "name": "records/onezerobgmerone",
        "stream": true
      }
    ]
  },
  "onetwobgmerone": {
    "sounds": [
      {
        "name": "records/onetwobgmerone",
        "stream": true
      }
    ]
  }
}