{
  "parent": "item/generated",
  "textures": {
    "layer0": "item/music_disc_11"
  },
  "overrides": [
    {
      "predicate": {
        "custom_model_data": 1
      },
      "model": "item/music_disc_bgmersixzero"
    },
    {
      "predicate": {
        "custom_model_data": 2
      },
      "model": "item/music_disc_bgmersixzerozero"
    },
    {
      "predicate": {
        "custom_model_data": 3
      },
      "model": "item/music_disc_bgmersixzerozerozero"
    },
    {
      "predicate": {
        "custom_model_data": 4
      },
      "model": "item/music_disc_bgmersixzerozerozerozero"
    },
    {
      "predicate": {
        "custom_model_data": 5
      },
      "model": "item/music_disc_bgmersixzerozerozerozerozero"
    },
    {
      "predicate": {
        "custom_model_data": 6
      },
      "model": "item/music_disc_bgmersix"
    },
    {
      "predicate": {
        "custom_model_data": 7
      },
      "model": "item/music_disc_threebgmerone"
    },
    {
      "predicate": {
        "custom_model_data": 8
      },
      "model": "item/music_disc_twoonebgmerone"
    },
    {
      "predicate": {
        "custom_model_data": 9
      },
      "model": "item/music_disc_mbgmerone"
    },
    {
      "predicate": {
        "custom_model_data": 10
      },
      "model": "item/music_disc_bgmeronezero"
    },
    {
      "predicate": {
        "custom_model_data": 11
      },
      "model": "item/music_disc_xbgmerone"
    },
    {
      "predicate": {
        "custom_model_data": 12
      },
      "model": "item/music_disc_bgmeronetwo"
    },
    {
      "predicate": {
        "custom_model_data": 13
      },
      "model": "item/music_disc_bgmeronethree"
    }
  ]
}