[
  {
    "title": "ボクサーズロード",
    "author": "BGMer",
    "duration": 73,
    "disc-namespace": "bgmersixzero",
    "model-data": 1,
    "creeper-drop": false,
    "lores": [],
    "loot-tables": {},
    "fragment-loot-tables": {}
  },
  {
    "title": "世にも奇怪な物語",
    "author": "BGMer",
    "duration": 97,
    "disc-namespace": "bgmersixzerozero",
    "model-data": 2,
    "creeper-drop": false,
    "lores": [],
    "loot-tables": {},
    "fragment-loot-tables": {}
  },
  {
    "title": "ヒゲのダンス",
    "author": "BGMer",
    "duration": 105,
    "disc-namespace": "bgmersixzerozerozero",
    "model-data": 3,
    "creeper-drop": false,
    "lores": [],
    "loot-tables": {},
    "fragment-loot-tables": {}
  },
  {
    "title": "真夜中の遊園地",
    "author": "BGMer",
    "duration": 98,
    "disc-namespace": "bgmersixzerozerozerozero",
    "model-data": 4,
    "creeper-drop": false,
    "lores": [],
    "loot-tables": {},
    "fragment-loot-tables": {}
  },
  {
    "title": "スリルな黒タイツ",
    "author": "BGMer",
    "duration": 92,
    "disc-namespace": "bgmersixzerozerozerozerozero",
    "model-data": 5,
    "creeper-drop": false,
    "lores": [],
    "loot-tables": {},
    "fragment-loot-tables": {}
  },
  {
    "title": "ピンクなパンサー",
    "author": "BGMer",
    "duration": 93,
    "disc-namespace": "bgmersix",
    "model-data": 6,
    "creeper-drop": false,
    "lores": [],
    "loot-tables": {},
    "fragment-loot-tables": {}
  },
  {
    "title": "3分間でクッキング",
    "author": "BGMer",
    "duration": 152,
    "disc-namespace": "threebgmerone",
    "model-data": 7,
    "creeper-drop": false,
    "lores": [],
    "loot-tables": {},
    "fragment-loot-tables": {}
  },
  {
    "title": "21世紀の幕開け",
    "author": "BGMer",
    "duration": 26,
    "disc-namespace": "twoonebgmerone",
    "model-data": 8,
    "creeper-drop": false,
    "lores": [],
    "loot-tables": {},
    "fragment-loot-tables": {}
  },
  {
    "title": "Mステーション",
    "author": "BGMer",
    "duration": 104,
    "disc-namespace": "mbgmerone",
    "model-data": 9,
    "creeper-drop": false,
    "lores": [],
    "loot-tables": {},
    "fragment-loot-tables": {}
  },
  {
    "title": "からあげ教室",
    "author": "BGMer",
    "duration": 98,
    "disc-namespace": "bgmeronezero",
    "model-data": 10,
    "creeper-drop": false,
    "lores": [],
    "loot-tables": {},
    "fragment-loot-tables": {}
  },
  {
    "title": "ファイルX",
    "author": "BGMer",
    "duration": 96,
    "disc-namespace": "xbgmerone",
    "model-data": 11,
    "creeper-drop": false,
    "lores": [],
    "loot-tables": {},
    "fragment-loot-tables": {}
  },
  {
    "title": "毎日がサスペンス",
    "author": "BGMer",
    "duration": 100,
    "disc-namespace": "bgmeronetwo",
    "model-data": 12,
    "creeper-drop": false,
    "lores": [],
    "loot-tables": {},
    "fragment-loot-tables": {}
  },
  {
    "title": "ハンドパワー",
    "author": "BGMer",
    "duration": 106,
    "disc-namespace": "bgmeronethree",
    "model-data": 13,
    "creeper-drop": false,
    "lores": [],
    "loot-tables": {},
    "fragment-loot-tables": {}
  }
]