{
	"credit": "Made with Blockbench",
	"texture_size": [64, 64],
	"textures": {
		"0": "konex:item/food/karaisoba",
		"particle": "konex:item/food/karaisoba"
	},
	"elements": [
		{
			"from": [2, 0, 2],
			"to": [14, 4, 14],
			"rotation": {"angle": 0, "axis": "y", "origin": [2, 0, 2]},
			"faces": {
				"north": {"uv": [3, 0, 6, 1], "texture": "#0"},
				"east": {"uv": [3, 1, 6, 2], "texture": "#0"},
				"south": {"uv": [3, 2, 6, 3], "texture": "#0"},
				"west": {"uv": [3, 3, 6, 4], "texture": "#0"},
				"up": {"uv": [3, 3, 0, 0], "texture": "#0"},
				"down": {"uv": [3, 3, 0, 6], "texture": "#0"}
			}
		},
		{
			"from": [2, 4, 2],
			"to": [3, 6, 14],
			"rotation": {"angle": 0, "axis": "y", "origin": [2, 4, 2]},
			"faces": {
				"north": {"uv": [6.25, 4, 6.5, 4.5], "texture": "#0"},
				"east": {"uv": [3, 4, 6, 4.5], "texture": "#0"},
				"south": {"uv": [5, 6.25, 5.25, 6.75], "texture": "#0"},
				"west": {"uv": [3, 4.5, 6, 5], "texture": "#0"},
				"up": {"uv": [6.25, 4.5, 6, 1.5], "texture": "#0"},
				"down": {"uv": [2.75, 6, 2.5, 9], "texture": "#0"}
			}
		},
		{
			"from": [13, 4, 2],
			"to": [14, 6, 14],
			"rotation": {"angle": 0, "axis": "y", "origin": [13, 4, 2]},
			"faces": {
				"north": {"uv": [5.25, 6.25, 5.5, 6.75], "texture": "#0"},
				"east": {"uv": [3, 5, 6, 5.5], "texture": "#0"},
				"south": {"uv": [5.5, 6.25, 5.75, 6.75], "texture": "#0"},
				"west": {"uv": [3, 5.5, 6, 6], "texture": "#0"},
				"up": {"uv": [3, 9, 2.75, 6], "texture": "#0"},
				"down": {"uv": [3.25, 6, 3, 9], "texture": "#0"}
			}
		},
		{
			"from": [3, 4, 2],
			"to": [13, 6, 3],
			"rotation": {"angle": 0, "axis": "y", "origin": [3, 4, 2]},
			"faces": {
				"north": {"uv": [0, 6, 2.5, 6.5], "texture": "#0"},
				"east": {"uv": [5.75, 6.25, 6, 6.75], "texture": "#0"},
				"south": {"uv": [6, 0, 8.5, 0.5], "texture": "#0"},
				"west": {"uv": [6, 6.25, 6.25, 6.75], "texture": "#0"},
				"up": {"uv": [6.75, 6.25, 4.25, 6], "texture": "#0"},
				"down": {"uv": [8.5, 4.5, 6, 4.75], "texture": "#0"}
			}
		},
		{
			"from": [3, 4, 13],
			"to": [13, 6, 14],
			"rotation": {"angle": 0, "axis": "y", "origin": [3, 4, 13]},
			"faces": {
				"north": {"uv": [6, 0.5, 8.5, 1], "texture": "#0"},
				"east": {"uv": [6.25, 6.25, 6.5, 6.75], "texture": "#0"},
				"south": {"uv": [6, 1, 8.5, 1.5], "texture": "#0"},
				"west": {"uv": [0, 6.5, 0.25, 7], "texture": "#0"},
				"up": {"uv": [8.5, 5, 6, 4.75], "texture": "#0"},
				"down": {"uv": [8.5, 5, 6, 5.25], "texture": "#0"}
			}
		},
		{
			"from": [7, 9, 6],
			"to": [8, 10, 15],
			"rotation": {"angle": 0, "axis": "y", "origin": [7, 9, 6]},
			"faces": {
				"north": {"uv": [0.25, 6.5, 0.5, 6.75], "texture": "#0"},
				"east": {"uv": [6, 5.25, 8.25, 5.5], "texture": "#0"},
				"south": {"uv": [0.5, 6.5, 0.75, 6.75], "texture": "#0"},
				"west": {"uv": [6, 5.5, 8.25, 5.75], "texture": "#0"},
				"up": {"uv": [6.5, 3.75, 6.25, 1.5], "texture": "#0"},
				"down": {"uv": [4.5, 6.25, 4.25, 8.5], "texture": "#0"}
			}
		},
		{
			"from": [9, 9, 6],
			"to": [10, 10, 15],
			"rotation": {"angle": 0, "axis": "y", "origin": [9, 9, 6]},
			"faces": {
				"north": {"uv": [0.75, 6.5, 1, 6.75], "texture": "#0"},
				"east": {"uv": [6, 5.75, 8.25, 6], "texture": "#0"},
				"south": {"uv": [1, 6.5, 1.25, 6.75], "texture": "#0"},
				"west": {"uv": [6.25, 3.75, 8.5, 4], "texture": "#0"},
				"up": {"uv": [4.75, 8.5, 4.5, 6.25], "texture": "#0"},
				"down": {"uv": [5, 6.25, 4.75, 8.5], "texture": "#0"}
			}
		},
		{
			"from": [8, 4, 7],
			"to": [8, 9, 10],
			"rotation": {"angle": 0, "axis": "y", "origin": [8, 4, 7]},
			"faces": {
				"north": {"uv": [0, 0, 0, 1.25], "texture": "#0"},
				"east": {"uv": [0, 12.25, 2, 13.5], "texture": "#0"},
				"south": {"uv": [0, 0, 0, 1.25], "texture": "#0"},
				"west": {"uv": [0, 9.75, 2, 11], "texture": "#0"},
				"up": {"uv": [0, 0.5, 0, 0], "texture": "#0"},
				"down": {"uv": [0, 0, 0, 0.5], "texture": "#0"}
			}
		},
		{
			"from": [5, 3, 6],
			"to": [7, 5, 11],
			"rotation": {"angle": -22.5, "axis": "x", "origin": [5, 3, 6]},
			"faces": {
				"north": {"uv": [0, 7, 0.5, 7.5], "texture": "#0"},
				"east": {"uv": [0, 7.5, 1, 8], "texture": "#0"},
				"south": {"uv": [1, 7.5, 1.5, 8], "texture": "#0"},
				"west": {"uv": [0.5, 7, 1.5, 7.5], "texture": "#0"},
				"up": {"uv": [0.5, 8, 1, 9], "texture": "#0"},
				"down": {"uv": [0, 8, 0.5, 9], "texture": "#0"}
			}
		},
		{
			"from": [5.5, 5, 10],
			"to": [6.5, 6, 12],
			"rotation": {"angle": -45, "axis": "x", "origin": [7, 5, 10]},
			"faces": {
				"north": {"uv": [1.25, 9, 1.5, 9.25], "texture": "#0"},
				"east": {"uv": [1, 8.75, 1.5, 9], "texture": "#0"},
				"south": {"uv": [1, 9, 1.25, 9.25], "texture": "#0"},
				"west": {"uv": [1, 8.5, 1.5, 8.75], "texture": "#0"},
				"up": {"uv": [1.25, 8, 1.5, 8.5], "texture": "#0"},
				"down": {"uv": [1, 8, 1.25, 8.5], "texture": "#0"}
			}
		}
	],
	"display": {
		"thirdperson_righthand": {
			"translation": [0, 1.5, -2.75],
			"scale": [0.5, 0.5, 0.5]
		},
		"thirdperson_lefthand": {
			"translation": [0, 1.5, -2.75],
			"scale": [0.5, 0.5, 0.5]
		},
		"firstperson_righthand": {
			"rotation": [17, 0, 0],
			"translation": [0, 6.5, 0]
		},
		"firstperson_lefthand": {
			"rotation": [17, 0, 0],
			"translation": [0, 6.5, 0]
		},
		"ground": {
			"translation": [0, 1.75, 0],
			"scale": [0.5, 0.5, 0.5]
		},
		"gui": {
			"rotation": [43, 124, -4],
			"translation": [-0.25, 2.25, 0],
			"scale": [0.8, 0.8, 0.8]
		},
		"head": {
			"translation": [0, 18.5, 0],
			"scale": [1.5, 1.5, 1.5]
		},
		"fixed": {
			"rotation": [-90, -90, 0],
			"translation": [0, 0, -3.75]
		}
	}
}