{
  "item.totem.use":{
    "sounds": [
      {"name": "koneshimaex:se/donpafu"}
    ]
  },
  "bgmersixzero": {
    "sounds": [
      {
        "name": "records/bgmersixzero",
        "stream": true
      }
    ]
  },
  "bgmersixzerozero": {
    "sounds": [
      {
        "name": "records/bgmersixzerozero",
        "stream": true
      }
    ]
  },
  "bgmersixzerozerozero": {
    "sounds": [
      {
        "name": "records/bgmersixzerozerozero",
        "stream": true
      }
    ]
  },
  "bgmersixzerozerozerozero": {
    "sounds": [
      {
        "name": "records/bgmersixzerozerozerozero",
        "stream": true
      }
    ]
  },
  "bgmersixzerozerozerozerozero": {
    "sounds": [
      {
        "name": "records/bgmersixzerozerozerozerozero",
        "stream": true
      }
    ]
  },
  "bgmersix": {
    "sounds": [
      {
        "name": "records/bgmersix",
        "stream": true
      }
    ]
  },
  "threebgmerone": {
    "sounds": [
      {
        "name": "records/threebgmerone",
        "stream": true
      }
    ]
  },
  "twoonebgmerone": {
    "sounds": [
      {
        "name": "records/twoonebgmerone",
        "stream": true
      }
    ]
  },
  "mbgmerone": {
    "sounds": [
      {
        "name": "records/mbgmerone",
        "stream": true
      }
    ]
  },
  "bgmeronezero": {
    "sounds": [
      {
        "name": "records/bgmeronezero",
        "stream": true
      }
    ]
  },
  "xbgmerone": {
    "sounds": [
      {
        "name": "records/xbgmerone",
        "stream": true
      }
    ]
  },
  "bgmeronetwo": {
    "sounds": [
      {
        "name": "records/bgmeronetwo",
        "stream": true
      }
    ]
  },
  "bgmeronethree": {
    "sounds": [
      {
        "name": "records/bgmeronethree",
        "stream": true
      }
    ]
  }
}