{
	"credit": "Made with Blockbench",
	"texture_size": [64, 64],
	"textures": {
		"0": "koneshimaex:item/tellpon",
		"particle": "koneshimaex:item/tellpon"
	},
	"elements": [
		{
			"from": [2.48, 0, 2],
			"to": [13.48, 2, 14],
			"rotation": {"angle": 0, "axis": "y", "origin": [13.5, 0, 1]},
			"faces": {
				"north": {"uv": [6, 6, 9, 6.5], "texture": "#0"},
				"east": {"uv": [6, 6.5, 9, 7], "texture": "#0"},
				"south": {"uv": [3, 6.75, 6, 7.25], "texture": "#0"},
				"west": {"uv": [6, 7, 9, 7.5], "texture": "#0"},
				"up": {"uv": [3, 3, 0, 0], "texture": "#0"},
				"down": {"uv": [3, 3, 0, 6], "texture": "#0"}
			}
		},
		{
			"from": [2.5, 4, 2],
			"to": [13.5, 6, 12],
			"rotation": {"angle": -45, "axis": "x", "origin": [6.5, 4, 7]},
			"faces": {
				"north": {"uv": [7.25, 5, 10.25, 5.5], "texture": "#0"},
				"east": {"uv": [7.5, 7.5, 10, 8], "texture": "#0"},
				"south": {"uv": [7.25, 5.5, 10.25, 6], "texture": "#0"},
				"west": {"uv": [0, 7.75, 2.5, 8.25], "texture": "#0"},
				"up": {"uv": [5.75, 2.5, 3, 0], "texture": "#0"},
				"down": {"uv": [6, 2.5, 3, 5], "texture": "#0"}
			}
		},
		{
			"from": [2.47, 2, 9],
			"to": [13.47, 9, 14],
			"rotation": {"angle": 0, "axis": "y", "origin": [2.5, 2, 9]},
			"faces": {
				"north": {"uv": [3, 5, 6, 6.75], "texture": "#0"},
				"east": {"uv": [6, 2.5, 7.25, 4.25], "texture": "#0"},
				"south": {"uv": [0, 6, 3, 7.75], "texture": "#0"},
				"west": {"uv": [6, 4.25, 7.25, 6], "texture": "#0"},
				"up": {"uv": [9, 1.25, 6, 0], "texture": "#0"},
				"down": {"uv": [9, 1.25, 6, 2.5], "texture": "#0"}
			}
		},
		{
			"from": [2.49, -2, 3],
			"to": [2.49, 2, 9],
			"rotation": {"angle": -45, "axis": "x", "origin": [-3.5, 4, 3]},
			"faces": {
				"north": {"uv": [0, 0, 0, 1], "texture": "#0"},
				"east": {"uv": [7.25, 2.5, 8.75, 3.5], "texture": "#0"},
				"south": {"uv": [0, 0, 0, 1], "texture": "#0"},
				"west": {"uv": [3, 7.25, 4.5, 8.25], "texture": "#0"},
				"up": {"uv": [0, 1.5, 0, 0], "texture": "#0"},
				"down": {"uv": [0, 0, 0, 1.5], "texture": "#0"}
			}
		},
		{
			"from": [13.49, -2, 3],
			"to": [13.49, 2, 9],
			"rotation": {"angle": -45, "axis": "x", "origin": [7.5, 4, 3]},
			"faces": {
				"north": {"uv": [0, 0, 0, 1], "texture": "#0"},
				"east": {"uv": [4.5, 7.25, 6, 8.25], "texture": "#0"},
				"south": {"uv": [0, 0, 0, 1], "texture": "#0"},
				"west": {"uv": [6, 7.5, 7.5, 8.5], "texture": "#0"},
				"up": {"uv": [0, 1.5, 0, 0], "texture": "#0"},
				"down": {"uv": [0, 0, 0, 1.5], "texture": "#0"}
			}
		},
		{
			"from": [4.5, 9, 11],
			"to": [5.5, 11, 12.75],
			"rotation": {"angle": 0, "axis": "y", "origin": [3.5, 9, 11]},
			"faces": {
				"north": {"uv": [2.25, 9, 2.5, 9.5], "texture": "#0"},
				"east": {"uv": [2.5, 7.75, 3, 8.25], "texture": "#0"},
				"south": {"uv": [2.5, 9, 2.75, 9.5], "texture": "#0"},
				"west": {"uv": [9, 1.5, 9.5, 2], "texture": "#0"},
				"up": {"uv": [3, 9.5, 2.75, 9], "texture": "#0"},
				"down": {"uv": [3.25, 9, 3, 9.5], "texture": "#0"}
			}
		},
		{
			"from": [10.5, 9, 11],
			"to": [11.5, 11, 12.75],
			"rotation": {"angle": 0, "axis": "y", "origin": [10.5, 9, 12]},
			"faces": {
				"north": {"uv": [3.25, 9, 3.5, 9.5], "texture": "#0"},
				"east": {"uv": [1.75, 9, 2.25, 9.5], "texture": "#0"},
				"south": {"uv": [3.5, 9, 3.75, 9.5], "texture": "#0"},
				"west": {"uv": [9, 2, 9.5, 2.5], "texture": "#0"},
				"up": {"uv": [4, 9.5, 3.75, 9], "texture": "#0"},
				"down": {"uv": [4.25, 9, 4, 9.5], "texture": "#0"}
			}
		},
		{
			"from": [3.5, 11, 10],
			"to": [12.5, 13, 13],
			"rotation": {"angle": 0, "axis": "y", "origin": [9.5, 11, 10]},
			"faces": {
				"north": {"uv": [7.5, 8, 9.5, 8.5], "texture": "#0"},
				"east": {"uv": [1, 8.75, 1.75, 9.25], "texture": "#0"},
				"south": {"uv": [0, 8.25, 2, 8.75], "texture": "#0"},
				"west": {"uv": [8.75, 2.5, 9.5, 3], "texture": "#0"},
				"up": {"uv": [9.25, 4.25, 7.25, 3.5], "texture": "#0"},
				"down": {"uv": [9.25, 4.25, 7.25, 5], "texture": "#0"}
			}
		},
		{
			"from": [0.5, 10, 10],
			"to": [3.5, 12.5, 13],
			"rotation": {"angle": 0, "axis": "z", "origin": [1.5, 10, 10]},
			"faces": {
				"north": {"uv": [6, 8.5, 7, 9], "texture": "#0"},
				"east": {"uv": [8.75, 3, 9.5, 3.5], "texture": "#0"},
				"south": {"uv": [7, 8.5, 8, 9], "texture": "#0"},
				"west": {"uv": [9, 0, 9.75, 0.5], "texture": "#0"},
				"up": {"uv": [3, 9, 2, 8.25], "texture": "#0"},
				"down": {"uv": [4, 8.25, 3, 9], "texture": "#0"}
			}
		},
		{
			"from": [12.5, 10, 10],
			"to": [15.5, 12.5, 13],
			"rotation": {"angle": 0, "axis": "y", "origin": [13.5, 10, 10]},
			"faces": {
				"north": {"uv": [8, 8.5, 9, 9], "texture": "#0"},
				"east": {"uv": [9, 0.5, 9.75, 1], "texture": "#0"},
				"south": {"uv": [0, 8.75, 1, 9.25], "texture": "#0"},
				"west": {"uv": [9, 1, 9.75, 1.5], "texture": "#0"},
				"up": {"uv": [5, 9, 4, 8.25], "texture": "#0"},
				"down": {"uv": [6, 8.25, 5, 9], "texture": "#0"}
			}
		}
	],
	"display": {
		"thirdperson_righthand": {
			"rotation": [56, 0, 0],
			"translation": [0, 2.5, 0],
			"scale": [0.5, 0.5, 0.5]
		},
		"thirdperson_lefthand": {
			"rotation": [56, 0, 0],
			"translation": [0, 2.5, 0],
			"scale": [0.5, 0.5, 0.5]
		},
		"firstperson_righthand": {
			"rotation": [-9, 130, 0],
			"translation": [0, 4, 0],
			"scale": [0.5, 0.5, 0.5]
		},
		"firstperson_lefthand": {
			"rotation": [-9, 130, 0],
			"translation": [0, 4, 0],
			"scale": [0.5, 0.5, 0.5]
		},
		"ground": {
			"translation": [0, 2, 0],
			"scale": [0.5, 0.5, 0.5]
		},
		"gui": {
			"rotation": [27, 141, 0],
			"translation": [0, 0.75, 0],
			"scale": [0.7, 0.7, 0.7]
		},
		"head": {
			"translation": [0, 14.5, 0]
		},
		"fixed": {
			"translation": [0, 1.25, -0.5],
			"scale": [1, 1, 0.17]
		}
	}
}