{
  "credit": "Made with Blockbench",
  "texture_size": [
    64,
    64
  ],
  "textures": {
    "0": "konex:item/quiz/hayaosibousi",
    "particle": "konex:item/quiz/hayaosibousi"
  },
  "elements": [
    {
      "from": [
        1,
        1,
        1
      ],
      "to": [
        15,
        11,
        15
      ],
      "rotation": {
        "angle": 0,
        "axis": "y",
        "origin": [
          0,
          1,
          0
        ]
      },
      "faces": {
        "north": {
          "uv": [
            4.5,
            7,
            8,
            9.5
          ],
          "texture": "#0"
        },
        "east": {
          "uv": [
            8,
            0,
            11.5,
            2.5
          ],
          "texture": "#0"
        },
        "south": {
          "uv": [
            8,
            2.5,
            11.5,
            5
          ],
          "texture": "#0"
        },
        "west": {
          "uv": [
            8,
            5,
            11.5,
            7.5
          ],
          "texture": "#0"
        },
        "up": {
          "uv": [
            8,
            3.5,
            4.5,
            0
          ],
          "texture": "#0"
        },
        "down": {
          "uv": [
            8,
            3.5,
            4.5,
            7
          ],
          "texture": "#0"
        }
      }
    },
    {
      "from": [
        1,
        11,
        1
      ],
      "to": [
        2,
        13,
        15
      ],
      "rotation": {
        "angle": 0,
        "axis": "y",
        "origin": [
          1,
          7,
          1
        ]
      },
      "faces": {
        "north": {
          "uv": [
            10.5,
            10.5,
            10.75,
            11
          ],
          "texture": "#0"
        },
        "east": {
          "uv": [
            2.5,
            9.5,
            6,
            10
          ],
          "texture": "#0"
        },
        "south": {
          "uv": [
            10.75,
            10.5,
            11,
            11
          ],
          "texture": "#0"
        },
        "west": {
          "uv": [
            2.5,
            10,
            6,
            10.5
          ],
          "texture": "#0"
        },
        "up": {
          "uv": [
            6.25,
            13,
            6,
            9.5
          ],
          "texture": "#0"
        },
        "down": {
          "uv": [
            6.5,
            9.5,
            6.25,
            13
          ],
          "texture": "#0"
        }
      }
    },
    {
      "from": [
        14,
        11,
        1
      ],
      "to": [
        15,
        13,
        15
      ],
      "rotation": {
        "angle": 0,
        "axis": "y",
        "origin": [
          14,
          7,
          1
        ]
      },
      "faces": {
        "north": {
          "uv": [
            2.5,
            11,
            2.75,
            11.5
          ],
          "texture": "#0"
        },
        "east": {
          "uv": [
            2.5,
            10.5,
            6,
            11
          ],
          "texture": "#0"
        },
        "south": {
          "uv": [
            2.75,
            11,
            3,
            11.5
          ],
          "texture": "#0"
        },
        "west": {
          "uv": [
            10.5,
            7.5,
            14,
            8
          ],
          "texture": "#0"
        },
        "up": {
          "uv": [
            6.75,
            13,
            6.5,
            9.5
          ],
          "texture": "#0"
        },
        "down": {
          "uv": [
            7,
            9.5,
            6.75,
            13
          ],
          "texture": "#0"
        }
      }
    },
    {
      "from": [
        2,
        11,
        1
      ],
      "to": [
        14,
        13,
        2
      ],
      "rotation": {
        "angle": 0,
        "axis": "y",
        "origin": [
          2,
          7,
          1
        ]
      },
      "faces": {
        "north": {
          "uv": [
            10.5,
            8,
            13.5,
            8.5
          ],
          "texture": "#0"
        },
        "east": {
          "uv": [
            3,
            11,
            3.25,
            11.5
          ],
          "texture": "#0"
        },
        "south": {
          "uv": [
            10.5,
            8.5,
            13.5,
            9
          ],
          "texture": "#0"
        },
        "west": {
          "uv": [
            3.25,
            11,
            3.5,
            11.5
          ],
          "texture": "#0"
        },
        "up": {
          "uv": [
            13.5,
            10.25,
            10.5,
            10
          ],
          "texture": "#0"
        },
        "down": {
          "uv": [
            13.5,
            10.25,
            10.5,
            10.5
          ],
          "texture": "#0"
        }
      }
    },
    {
      "from": [
        -1,
        0,
        -1
      ],
      "to": [
        17,
        1,
        17
      ],
      "rotation": {
        "angle": 0,
        "axis": "y",
        "origin": [
          -1,
          0,
          -1
        ]
      },
      "faces": {
        "north": {
          "uv": [
            10.5,
            9,
            15,
            9.25
          ],
          "texture": "#0"
        },
        "east": {
          "uv": [
            10.5,
            9.25,
            15,
            9.5
          ],
          "texture": "#0"
        },
        "south": {
          "uv": [
            10.5,
            9.5,
            15,
            9.75
          ],
          "texture": "#0"
        },
        "west": {
          "uv": [
            10.5,
            9.75,
            15,
            10
          ],
          "texture": "#0"
        },
        "up": {
          "uv": [
            4.5,
            4.5,
            0,
            0
          ],
          "texture": "#0"
        },
        "down": {
          "uv": [
            4.5,
            4.5,
            0,
            9
          ],
          "texture": "#0"
        }
      }
    },
    {
      "from": [
        6,
        11,
        3
      ],
      "to": [
        10,
        13,
        5
      ],
      "rotation": {
        "angle": 0,
        "axis": "y",
        "origin": [
          6,
          11,
          3
        ]
      },
      "faces": {
        "north": {
          "uv": [
            2.5,
            9,
            3.5,
            9.5
          ],
          "texture": "#0"
        },
        "east": {
          "uv": [
            7,
            10.5,
            7.5,
            11
          ],
          "texture": "#0"
        },
        "south": {
          "uv": [
            3.5,
            9,
            4.5,
            9.5
          ],
          "texture": "#0"
        },
        "west": {
          "uv": [
            7.5,
            10.5,
            8,
            11
          ],
          "texture": "#0"
        },
        "up": {
          "uv": [
            8,
            10,
            7,
            9.5
          ],
          "texture": "#0"
        },
        "down": {
          "uv": [
            8,
            10,
            7,
            10.5
          ],
          "texture": "#0"
        }
      }
    },
    {
      "from": [
        3,
        12,
        4
      ],
      "to": [
        13,
        12,
        18
      ],
      "rotation": {
        "angle": 0,
        "axis": "y",
        "origin": [
          8,
          12,
          4
        ]
      },
      "faces": {
        "north": {
          "uv": [
            0,
            0,
            2.5,
            0
          ],
          "texture": "#0"
        },
        "east": {
          "uv": [
            0,
            0,
            3.5,
            0
          ],
          "texture": "#0"
        },
        "south": {
          "uv": [
            0,
            0,
            2.5,
            0
          ],
          "texture": "#0"
        },
        "west": {
          "uv": [
            0,
            0,
            3.5,
            0
          ],
          "texture": "#0"
        },
        "up": {
          "uv": [
            10.5,
            11,
            8,
            7.5
          ],
          "texture": "#0"
        },
        "down": {
          "uv": [
            2.5,
            9,
            0,
            12.5
          ],
          "texture": "#0"
        }
      }
    }
  ],
  "gui_light": "front",
  "display": {
    "thirdperson_righthand": {
      "scale": [
        0.4,
        0.4,
        0.4
      ]
    },
    "thirdperson_lefthand": {
      "scale": [
        0.4,
        0.4,
        0.4
      ]
    },
    "firstperson_righthand": {
      "scale": [
        0.4,
        0.4,
        0.4
      ]
    },
    "firstperson_lefthand": {
      "scale": [
        0.4,
        0.4,
        0.4
      ]
    },
    "ground": {
      "scale": [
        0.4,
        0.4,
        0.4
      ]
    },
    "gui": {
      "rotation": [
        11,
        164,
        0
      ],
      "scale": [
        0.7,
        0.7,
        0.7
      ]
    },
    "head": {
      "translation": [
        0,
        10,
        0
      ],
      "scale": [
        1.05,
        1.05,
        1.05
      ]
    },
    "fixed": {
      "rotation": [
        -90,
        0,
        0
      ],
      "translation": [
        0,
        0,
        -6
      ],
      "scale": [
        0.8,
        0.8,
        0.8
      ]
    }
  },
  "groups": [
    {
      "name": "bousi",
      "origin": [
        -1,
        0,
        -1
      ],
      "color": 0,
      "children": [
        0,
        1,
        2,
        3,
        4,
        5
      ]
    },
    {
      "name": "tobideru",
      "origin": [
        -1,
        0,
        -1
      ],
      "color": 0,
      "children": [
        6
      ]
    }
  ]
}