{
  "credit": "Made with Blockbench",
  "texture_size": [
    32,
    32
  ],
  "textures": {
    "0": "konex:item/quiz/temotimarubatu",
    "particle": "konex:item/quiz/temotimarubatu"
  },
  "elements": [
    {
      "from": [
        3,
        0,
        8
      ],
      "to": [
        14,
        16,
        8
      ],
      "rotation": {
        "angle": 0,
        "axis": "y",
        "origin": [
          3,
          0,
          8
        ]
      },
      "faces": {
        "north": {
          "uv": [
            5.5,
            0,
            11,
            8
          ],
          "texture": "#0"
        },
        "east": {
          "uv": [
            0,
            0,
            0,
            8
          ],
          "texture": "#0"
        },
        "south": {
          "uv": [
            5.5,
            0,
            11,
            8
          ],
          "texture": "#0"
        },
        "west": {
          "uv": [
            0,
            0,
            0,
            8
          ],
          "texture": "#0"
        },
        "up": {
          "uv": [
            5.5,
            0,
            0,
            0
          ],
          "texture": "#0"
        },
        "down": {
          "uv": [
            5.5,
            0,
            0,
            0
          ],
          "texture": "#0"
        }
      }
    }
  ],
  "gui_light": "front",
  "display": {
    "thirdperson_righthand": {
      "translation": [
        -0.5,
        4.5,
        0
      ],
      "scale": [
        0.7,
        0.7,
        0.7
      ]
    },
    "thirdperson_lefthand": {
      "translation": [
        0,
        4.5,
        0
      ],
      "scale": [
        0.7,
        0.7,
        0.7
      ]
    },
    "firstperson_righthand": {
      "translation": [
        0,
        4.5,
        0
      ],
      "scale": [
        0.7,
        0.7,
        0.7
      ]
    },
    "firstperson_lefthand": {
      "translation": [
        0,
        4.5,
        0
      ],
      "scale": [
        0.7,
        0.7,
        0.7
      ]
    },
    "ground": {
      "scale": [
        0.4,
        0.4,
        0.4
      ]
    },
    "gui": {
      "rotation": [
        11,
        164,
        0
      ],
      "scale": [
        0.7,
        0.7,
        0.7
      ]
    },
    "head": {
      "translation": [
        0,
        11.5,
        0
      ],
      "scale": [
        0.7,
        0.7,
        0.7
      ]
    },
    "fixed": {
      "translation": [
        0,
        0,
        0.75
      ],
      "scale": [
        0.8,
        0.8,
        0.8
      ]
    }
  }
}