{
  "model": {
    "type": "range_dispatch",
    "property": "custom_model_data",
    "fallback": {
      "type": "model",
      "model": "item/disc_fragment_5"
    },
    "entries": [
      {
        "threshold": 14,
        "model": {
          "type": "model",
          "model": "item/fragment_zerosevenbgmerone"
        }
      },
      {
        "threshold": 1,
        "model": {
          "type": "model",
          "model": "item/fragment_zerosixbgmerone"
        }
      },
      {
        "threshold": 2,
        "model": {
          "type": "model",
          "model": "item/fragment_oneonebgmerone"
        }
      },
      {
        "threshold": 3,
        "model": {
          "type": "model",
          "model": "item/fragment_onethreebgmertwo"
        }
      },
      {
        "threshold": 4,
        "model": {
          "type": "model",
          "model": "item/fragment_zerotwotwoonebgmerone"
        }
      },
      {
        "threshold": 5,
        "model": {
          "type": "model",
          "model": "item/fragment_zerofourbgmerone"
        }
      },
      {
        "threshold": 6,
        "model": {
          "type": "model",
          "model": "item/fragment_zeroeightbgmerone"
        }
      },
      {
        "threshold": 7,
        "model": {
          "type": "model",
          "model": "item/fragment_zerofivebgmerone"
        }
      },
      {
        "threshold": 8,
        "model": {
          "type": "model",
          "model": "item/fragment_zeroonethreebgmerone"
        }
      },
      {
        "threshold": 9,
        "model": {
          "type": "model",
          "model": "item/fragment_zeroninexbgmerone"
        }
      },
      {
        "threshold": 10,
        "model": {
          "type": "model",
          "model": "item/fragment_zerothreembgmerone"
        }
      },
      {
        "threshold": 11,
        "model": {
          "type": "model",
          "model": "item/fragment_onezerobgmerone"
        }
      },
      {
        "threshold": 12,
        "model": {
          "type": "model",
          "model": "item/fragment_onetwobgmerone"
        }
      }
    ]
  }
}