{
  "model": {
    "type": "range_dispatch",
    "property": "custom_model_data",
    "fallback": {
      "type": "model",
      "model": "item/music_disc_11"
    },
    "entries": [
      {
        "threshold": 14,
        "model": {
          "type": "model",
          "model": "item/music_disc_zerosevenbgmerone"
        }
      },
      {
        "threshold": 1,
        "model": {
          "type": "model",
          "model": "item/music_disc_zerosixbgmerone"
        }
      },
      {
        "threshold": 2,
        "model": {
          "type": "model",
          "model": "item/music_disc_oneonebgmerone"
        }
      },
      {
        "threshold": 3,
        "model": {
          "type": "model",
          "model": "item/music_disc_onethreebgmertwo"
        }
      },
      {
        "threshold": 4,
        "model": {
          "type": "model",
          "model": "item/music_disc_zerotwotwoonebgmerone"
        }
      },
      {
        "threshold": 5,
        "model": {
          "type": "model",
          "model": "item/music_disc_zerofourbgmerone"
        }
      },
      {
        "threshold": 6,
        "model": {
          "type": "model",
          "model": "item/music_disc_zeroeightbgmerone"
        }
      },
      {
        "threshold": 7,
        "model": {
          "type": "model",
          "model": "item/music_disc_zerofivebgmerone"
        }
      },
      {
        "threshold": 8,
        "model": {
          "type": "model",
          "model": "item/music_disc_zeroonethreebgmerone"
        }
      },
      {
        "threshold": 9,
        "model": {
          "type": "model",
          "model": "item/music_disc_zeroninexbgmerone"
        }
      },
      {
        "threshold": 10,
        "model": {
          "type": "model",
          "model": "item/music_disc_zerothreembgmerone"
        }
      },
      {
        "threshold": 11,
        "model": {
          "type": "model",
          "model": "item/music_disc_onezerobgmerone"
        }
      },
      {
        "threshold": 12,
        "model": {
          "type": "model",
          "model": "item/music_disc_onetwobgmerone"
        }
      }
    ]
  }
}